symbol,stock_name,sector,tier,total_trades,wins,losses,targets_hit,stops_hit,eod_exits,win_rate_pct,avg_gross_pnl,avg_net_pnl,total_gross_pnl,total_net_pnl,avg_win_pct,avg_loss_pct,profit_factor,max_drawdown_pct,avg_gap_pct,avg_fri_rsi,regime_stats
ADANIPORTS,Adani Ports,Infrastructure,large,101,35,66,74,17,10,34.65,-0.7894,-0.8394,-79.73,-84.78,0.8593,-1.6636,0.274,-80.4688,-1.5153,49.71,"{""bear"": {""trades"": 10, ""win_rate"": 50.0, ""avg_gross"": -0.179}, ""bull"": {""trades"": 38, ""win_rate"": 26.3, ""avg_gross"": -0.851}, ""sideways"": {""trades"": 53, ""win_rate"": 37.7, ""avg_gross"": -0.861}}"
ASIANPAINT,Asian Paints,Consumer,large,80,12,68,52,24,4,15.0,-0.8426,-0.8926,-67.41,-71.41,0.7625,-1.1259,0.12,-64.9636,-1.1565,49.62,"{""bear"": {""trades"": 13, ""win_rate"": 23.1, ""avg_gross"": -0.159}, ""bull"": {""trades"": 27, ""win_rate"": 7.4, ""avg_gross"": -0.852}, ""sideways"": {""trades"": 40, ""win_rate"": 17.5, ""avg_gross"": -1.059}}"
AXISBANK,Axis Bank,Banking,large,114,39,75,86,22,6,34.21,-0.5088,-0.5588,-58.01,-63.71,0.8024,-1.1907,0.35,-58.7008,-1.2061,47.48,"{""bear"": {""trades"": 16, ""win_rate"": 37.5, ""avg_gross"": -0.047}, ""bull"": {""trades"": 39, ""win_rate"": 38.5, ""avg_gross"": -0.621}, ""sideways"": {""trades"": 59, ""win_rate"": 30.5, ""avg_gross"": -0.56}}"
BAJAJ-AUTO,Bajaj Auto,Auto,large,73,20,53,50,19,4,27.4,-0.7835,-0.8335,-57.2,-60.85,0.2827,-1.1859,0.09,-57.8033,-1.0469,46.41,"{""bear"": {""trades"": 10, ""win_rate"": 20.0, ""avg_gross"": -1.313}, ""bull"": {""trades"": 31, ""win_rate"": 32.3, ""avg_gross"": -0.67}, ""sideways"": {""trades"": 31, ""win_rate"": 25.8, ""avg_gross"": -0.7}, ""unknown"": {""trades"": 1, ""win_rate"": 0.0, ""avg_gross"": -1.611}}"
BAJFINANCE,Bajaj Finance,NBFC,large,85,19,66,51,22,12,22.35,-0.9494,-0.9994,-80.7,-84.95,0.7301,-1.4329,0.147,-80.5266,-1.4032,47.57,"{""bear"": {""trades"": 13, ""win_rate"": 23.1, ""avg_gross"": -0.66}, ""bull"": {""trades"": 34, ""win_rate"": 32.4, ""avg_gross"": -0.721}, ""sideways"": {""trades"": 38, ""win_rate"": 13.2, ""avg_gross"": -1.253}}"
BAJAJFINSV,Bajaj Finserv,NBFC,large,82,19,63,55,21,6,23.17,-0.8364,-0.8864,-68.58,-72.68,0.4027,-1.2101,0.1,-69.346,-1.1661,49.67,"{""bear"": {""trades"": 10, ""win_rate"": 50.0, ""avg_gross"": -0.177}, ""bull"": {""trades"": 29, ""win_rate"": 20.7, ""avg_gross"": -0.727}, ""sideways"": {""trades"": 43, ""win_rate"": 18.6, ""avg_gross"": -1.063}}"
BPCL,BPCL,Oil & Gas,large,76,29,47,55,20,1,38.16,-0.5641,-0.6141,-42.87,-46.67,0.6076,-1.2871,0.291,-41.7533,-0.9868,49.44,"{""bear"": {""trades"": 7, ""win_rate"": 14.3, ""avg_gross"": -1.212}, ""bull"": {""trades"": 27, ""win_rate"": 44.4, ""avg_gross"": -0.196}, ""sideways"": {""trades"": 42, ""win_rate"": 38.1, ""avg_gross"": -0.693}}"
BHARTIARTL,Bharti Airtel,Telecom,large,102,34,68,66,29,7,33.33,-0.5718,-0.6218,-58.33,-63.43,0.5285,-1.122,0.236,-58.0714,-0.8893,46.96,"{""bear"": {""trades"": 11, ""win_rate"": 27.3, ""avg_gross"": -0.653}, ""bull"": {""trades"": 42, ""win_rate"": 40.5, ""avg_gross"": -0.503}, ""sideways"": {""trades"": 48, ""win_rate"": 29.2, ""avg_gross"": -0.61}, ""unknown"": {""trades"": 1, ""win_rate"": 0.0, ""avg_gross"": -0.726}}"
BRITANNIA,Britannia,FMCG,large,71,25,46,43,23,5,35.21,-0.391,-0.441,-27.76,-31.31,0.6971,-0.9823,0.386,-29.0722,-0.8614,50.79,"{""bear"": {""trades"": 10, ""win_rate"": 30.0, ""avg_gross"": -0.37}, ""bull"": {""trades"": 28, ""win_rate"": 35.7, ""avg_gross"": -0.194}, ""sideways"": {""trades"": 33, ""win_rate"": 36.4, ""avg_gross"": -0.564}}"
CIPLA,Cipla,Pharma,large,59,18,41,37,17,5,30.51,-0.5522,-0.6022,-32.58,-35.53,0.4487,-0.9917,0.199,-35.3522,-0.9307,47.86,"{""bear"": {""trades"": 8, ""win_rate"": 62.5, ""avg_gross"": 0.075}, ""bull"": {""trades"": 16, ""win_rate"": 25.0, ""avg_gross"": -0.626}, ""sideways"": {""trades"": 35, ""win_rate"": 25.7, ""avg_gross"": -0.662}}"
COALINDIA,Coal India,Metals & Mining,large,67,24,43,53,10,4,35.82,-0.7745,-0.8245,-51.89,-55.24,0.9053,-1.712,0.295,-31.2463,-1.4991,48.48,"{""bear"": {""trades"": 9, ""win_rate"": 44.4, ""avg_gross"": 0.173}, ""bull"": {""trades"": 22, ""win_rate"": 27.3, ""avg_gross"": -1.574}, ""sideways"": {""trades"": 36, ""win_rate"": 38.9, ""avg_gross"": -0.523}}"
DIVISLAB,Divi's Labs,Pharma,large,66,18,48,41,14,11,27.27,-0.8485,-0.8985,-56.0,-59.3,0.8865,-1.4991,0.222,-55.5846,-1.2843,48.86,"{""bear"": {""trades"": 5, ""win_rate"": 40.0, ""avg_gross"": -0.636}, ""bull"": {""trades"": 27, ""win_rate"": 29.6, ""avg_gross"": -0.767}, ""sideways"": {""trades"": 34, ""win_rate"": 23.5, ""avg_gross"": -0.944}}"
DRREDDY,Dr Reddy,Pharma,large,69,20,49,46,18,5,28.99,-0.747,-0.797,-51.54,-54.99,0.4249,-1.2253,0.142,-51.6051,-1.0877,50.58,"{""bear"": {""trades"": 7, ""win_rate"": 42.9, ""avg_gross"": -0.614}, ""bull"": {""trades"": 28, ""win_rate"": 28.6, ""avg_gross"": -0.888}, ""sideways"": {""trades"": 34, ""win_rate"": 26.5, ""avg_gross"": -0.658}}"
EICHERMOT,Eicher Motors,Auto,large,85,27,58,55,25,5,31.76,-0.9159,-0.9659,-77.85,-82.1,0.4366,-1.5455,0.132,-77.1159,-1.1343,51.53,"{""bear"": {""trades"": 11, ""win_rate"": 18.2, ""avg_gross"": -2.158}, ""bull"": {""trades"": 38, ""win_rate"": 39.5, ""avg_gross"": -0.745}, ""sideways"": {""trades"": 36, ""win_rate"": 27.8, ""avg_gross"": -0.716}}"
GRASIM,Grasim,Cement,large,88,32,56,67,16,5,36.36,-0.4287,-0.4787,-37.73,-42.13,0.588,-1.0097,0.333,-38.2157,-0.9554,47.41,"{""bear"": {""trades"": 9, ""win_rate"": 66.7, ""avg_gross"": 0.267}, ""bull"": {""trades"": 31, ""win_rate"": 38.7, ""avg_gross"": -0.369}, ""sideways"": {""trades"": 48, ""win_rate"": 29.2, ""avg_gross"": -0.598}}"
HCLTECH,HCL Tech,IT,large,73,15,58,41,20,12,20.55,-0.7425,-0.7925,-54.2,-57.85,0.7543,-1.1296,0.173,-55.8442,-1.1914,47.18,"{""bear"": {""trades"": 14, ""win_rate"": 14.3, ""avg_gross"": -0.599}, ""bull"": {""trades"": 28, ""win_rate"": 25.0, ""avg_gross"": -0.573}, ""sideways"": {""trades"": 30, ""win_rate"": 20.0, ""avg_gross"": -0.983}, ""unknown"": {""trades"": 1, ""win_rate"": 0.0, ""avg_gross"": -0.297}}"
HDFCBANK,HDFC Bank,Banking,large,98,24,74,72,22,4,24.49,-0.5953,-0.6453,-58.34,-63.24,0.5529,-0.9678,0.185,-57.7998,-1.0896,47.68,"{""bear"": {""trades"": 14, ""win_rate"": 28.6, ""avg_gross"": -0.555}, ""bull"": {""trades"": 32, ""win_rate"": 18.8, ""avg_gross"": -0.692}, ""sideways"": {""trades"": 52, ""win_rate"": 26.9, ""avg_gross"": -0.547}}"
HDFCLIFE,HDFC Life,Insurance,large,54,14,40,42,7,5,25.93,-0.6373,-0.6873,-34.42,-37.12,0.5134,-1.0401,0.173,-35.4154,-1.0972,48.4,"{""bear"": {""trades"": 6, ""win_rate"": 16.7, ""avg_gross"": -0.731}, ""bull"": {""trades"": 16, ""win_rate"": 25.0, ""avg_gross"": -0.547}, ""sideways"": {""trades"": 32, ""win_rate"": 28.1, ""avg_gross"": -0.665}}"
HEROMOTOCO,Hero MotoCorp,Auto,large,80,24,56,53,15,12,30.0,-0.525,-0.575,-42.0,-46.0,0.5485,-0.985,0.239,-42.4257,-0.9722,44.46,"{""bear"": {""trades"": 10, ""win_rate"": 50.0, ""avg_gross"": 0.152}, ""bull"": {""trades"": 30, ""win_rate"": 26.7, ""avg_gross"": -0.565}, ""sideways"": {""trades"": 39, ""win_rate"": 28.2, ""avg_gross"": -0.659}, ""unknown"": {""trades"": 1, ""win_rate"": 0.0, ""avg_gross"": -0.875}}"
HINDALCO,Hindalco,Metals & Mining,large,102,42,60,84,11,7,41.18,-0.5301,-0.5801,-54.07,-59.17,0.7775,-1.4455,0.377,-58.6642,-1.4361,44.46,"{""bear"": {""trades"": 16, ""win_rate"": 50.0, ""avg_gross"": -0.048}, ""bull"": {""trades"": 30, ""win_rate"": 43.3, ""avg_gross"": -0.483}, ""sideways"": {""trades"": 55, ""win_rate"": 38.2, ""avg_gross"": -0.683}, ""unknown"": {""trades"": 1, ""win_rate"": 0.0, ""avg_gross"": -1.247}}"
HINDUNILVR,HUL,FMCG,large,73,23,50,41,24,8,31.51,-0.407,-0.457,-29.71,-33.36,0.5836,-0.8627,0.311,-31.4438,-0.7646,49.16,"{""bear"": {""trades"": 11, ""win_rate"": 36.4, ""avg_gross"": -0.072}, ""bull"": {""trades"": 22, ""win_rate"": 27.3, ""avg_gross"": -0.561}, ""sideways"": {""trades"": 40, ""win_rate"": 32.5, ""avg_gross"": -0.414}}"
ICICIBANK,ICICI Bank,Banking,large,116,32,84,91,19,6,27.59,-0.6444,-0.6944,-74.76,-80.56,0.6641,-1.1429,0.221,-74.6659,-1.3037,50.41,"{""bear"": {""trades"": 16, ""win_rate"": 43.8, ""avg_gross"": -0.188}, ""bull"": {""trades"": 44, ""win_rate"": 20.5, ""avg_gross"": -0.704}, ""sideways"": {""trades"": 55, ""win_rate"": 27.3, ""avg_gross"": -0.763}, ""unknown"": {""trades"": 1, ""win_rate"": 100.0, ""avg_gross"": 1.149}}"
ITC,ITC,FMCG,large,71,26,45,53,11,7,36.62,-0.3154,-0.3654,-22.4,-25.95,0.7695,-0.9423,0.472,-24.9231,-0.9424,49.06,"{""bear"": {""trades"": 10, ""win_rate"": 50.0, ""avg_gross"": 0.48}, ""bull"": {""trades"": 27, ""win_rate"": 44.4, ""avg_gross"": -0.324}, ""sideways"": {""trades"": 33, ""win_rate"": 27.3, ""avg_gross"": -0.558}, ""unknown"": {""trades"": 1, ""win_rate"": 0.0, ""avg_gross"": -0.046}}"
INDUSINDBK,IndusInd Bank,Banking,large,94,35,59,68,18,8,37.23,-0.4445,-0.4945,-41.78,-46.48,1.0373,-1.3235,0.465,-40.4804,-1.2874,50.8,"{""bear"": {""trades"": 9, ""win_rate"": 44.4, ""avg_gross"": 0.666}, ""bull"": {""trades"": 34, ""win_rate"": 29.4, ""avg_gross"": -0.933}, ""sideways"": {""trades"": 51, ""win_rate"": 41.2, ""avg_gross"": -0.315}}"
INFY,Infosys,IT,large,88,20,68,62,19,7,22.73,-0.6147,-0.6647,-54.09,-58.49,0.7712,-1.0223,0.222,-52.0881,-1.1354,47.54,"{""bear"": {""trades"": 13, ""win_rate"": 7.7, ""avg_gross"": -0.493}, ""bull"": {""trades"": 35, ""win_rate"": 25.7, ""avg_gross"": -0.652}, ""sideways"": {""trades"": 39, ""win_rate"": 23.1, ""avg_gross"": -0.654}, ""unknown"": {""trades"": 1, ""win_rate"": 100.0, ""avg_gross"": 0.614}}"
JSWSTEEL,JSW Steel,Metals & Mining,large,92,34,58,66,17,9,36.96,-0.6408,-0.6908,-58.95,-63.55,0.6943,-1.4234,0.286,-60.7553,-1.313,50.74,"{""bear"": {""trades"": 9, ""win_rate"": 66.7, ""avg_gross"": -0.462}, ""bull"": {""trades"": 31, ""win_rate"": 25.8, ""avg_gross"": -0.612}, ""sideways"": {""trades"": 51, ""win_rate"": 39.2, ""avg_gross"": -0.676}, ""unknown"": {""trades"": 1, ""win_rate"": 0.0, ""avg_gross"": -1.349}}"
KOTAKBANK,Kotak Bank,Banking,large,112,39,73,83,21,8,34.82,-0.5199,-0.5699,-58.23,-63.83,0.7473,-1.1969,0.334,-59.0945,-1.1149,48.89,"{""bear"": {""trades"": 12, ""win_rate"": 58.3, ""avg_gross"": 0.401}, ""bull"": {""trades"": 41, ""win_rate"": 36.6, ""avg_gross"": -0.399}, ""sideways"": {""trades"": 58, ""win_rate"": 29.3, ""avg_gross"": -0.785}, ""unknown"": {""trades"": 1, ""win_rate"": 0.0, ""avg_gross"": -1.161}}"
LT,L&T,Infrastructure,large,87,26,61,71,14,2,29.89,-0.7631,-0.8131,-66.39,-70.74,0.6777,-1.3772,0.21,-62.9276,-1.3211,47.62,"{""bear"": {""trades"": 12, ""win_rate"": 33.3, ""avg_gross"": 0.015}, ""bull"": {""trades"": 27, ""win_rate"": 29.6, ""avg_gross"": -0.918}, ""sideways"": {""trades"": 48, ""win_rate"": 29.2, ""avg_gross"": -0.871}}"
M&M,M&M,Auto,large,87,24,63,66,13,8,27.59,-0.7185,-0.7685,-62.51,-66.86,0.5419,-1.1986,0.172,-63.0947,-1.2196,45.77,"{""bear"": {""trades"": 13, ""win_rate"": 23.1, ""avg_gross"": -1.091}, ""bull"": {""trades"": 30, ""win_rate"": 36.7, ""avg_gross"": -0.59}, ""sideways"": {""trades"": 44, ""win_rate"": 22.7, ""avg_gross"": -0.696}}"
MARUTI,Maruti,Auto,large,85,19,66,57,21,7,22.35,-0.6973,-0.7473,-59.27,-63.52,0.6896,-1.0966,0.181,-59.2739,-1.0712,46.56,"{""bear"": {""trades"": 14, ""win_rate"": 57.1, ""avg_gross"": 0.021}, ""bull"": {""trades"": 34, ""win_rate"": 8.8, ""avg_gross"": -0.674}, ""sideways"": {""trades"": 37, ""win_rate"": 21.6, ""avg_gross"": -0.99}}"
NTPC,NTPC,Power,large,83,21,62,54,21,8,25.3,-0.5997,-0.6497,-49.77,-53.92,0.4807,-0.9656,0.169,-50.0388,-0.9943,47.23,"{""bear"": {""trades"": 16, ""win_rate"": 37.5, ""avg_gross"": -0.163}, ""bull"": {""trades"": 28, ""win_rate"": 14.3, ""avg_gross"": -0.658}, ""sideways"": {""trades"": 38, ""win_rate"": 28.9, ""avg_gross"": -0.7}, ""unknown"": {""trades"": 1, ""win_rate"": 0.0, ""avg_gross"": -2.129}}"
NESTLEIND,Nestle,FMCG,large,63,16,47,34,26,3,25.4,-0.4946,-0.5446,-31.16,-34.31,1.0153,-1.0087,0.343,-28.7631,-0.7777,52.16,"{""bear"": {""trades"": 4, ""win_rate"": 50.0, ""avg_gross"": 0.893}, ""bull"": {""trades"": 27, ""win_rate"": 29.6, ""avg_gross"": -0.582}, ""sideways"": {""trades"": 32, ""win_rate"": 18.8, ""avg_gross"": -0.595}}"
ONGC,ONGC,Oil & Gas,large,82,24,58,55,17,10,29.27,-0.698,-0.748,-57.23,-61.33,0.7947,-1.3156,0.25,-57.0525,-1.233,47.57,"{""bear"": {""trades"": 11, ""win_rate"": 36.4, ""avg_gross"": -0.527}, ""bull"": {""trades"": 29, ""win_rate"": 27.6, ""avg_gross"": -0.666}, ""sideways"": {""trades"": 40, ""win_rate"": 30.0, ""avg_gross"": -0.769}, ""unknown"": {""trades"": 2, ""win_rate"": 0.0, ""avg_gross"": -0.691}}"
POWERGRID,Power Grid,Power,large,88,23,65,55,25,8,26.14,-0.5581,-0.6081,-49.11,-53.51,0.5921,-0.9651,0.217,-49.6182,-0.8653,49.05,"{""bear"": {""trades"": 14, ""win_rate"": 28.6, ""avg_gross"": -0.423}, ""bull"": {""trades"": 35, ""win_rate"": 28.6, ""avg_gross"": -0.54}, ""sideways"": {""trades"": 37, ""win_rate"": 24.3, ""avg_gross"": -0.593}, ""unknown"": {""trades"": 2, ""win_rate"": 0.0, ""avg_gross"": -1.173}}"
RELIANCE,Reliance,Conglomerate,large,93,19,74,73,15,5,20.43,-0.6749,-0.7249,-62.77,-67.42,0.4663,-0.968,0.124,-63.7753,-1.0431,46.5,"{""bear"": {""trades"": 12, ""win_rate"": 25.0, ""avg_gross"": -0.521}, ""bull"": {""trades"": 33, ""win_rate"": 18.2, ""avg_gross"": -0.494}, ""sideways"": {""trades"": 47, ""win_rate"": 21.3, ""avg_gross"": -0.849}, ""unknown"": {""trades"": 1, ""win_rate"": 0.0, ""avg_gross"": -0.318}}"
SBILIFE,SBI Life,Insurance,large,53,16,37,37,13,3,30.19,-0.6647,-0.7147,-35.23,-37.88,0.8042,-1.2999,0.268,-34.0922,-1.152,47.92,"{""bear"": {""trades"": 6, ""win_rate"": 33.3, ""avg_gross"": -0.25}, ""bull"": {""trades"": 13, ""win_rate"": 38.5, ""avg_gross"": -0.441}, ""sideways"": {""trades"": 33, ""win_rate"": 27.3, ""avg_gross"": -0.834}, ""unknown"": {""trades"": 1, ""win_rate"": 0.0, ""avg_gross"": -0.492}}"
SHRIRAMFIN,Shriram Finance,NBFC,large,92,33,59,62,21,9,35.87,-0.7457,-0.7957,-68.6,-73.2,1.1301,-1.7948,0.352,-69.7201,-1.592,46.18,"{""bear"": {""trades"": 15, ""win_rate"": 46.7, ""avg_gross"": 0.12}, ""bull"": {""trades"": 26, ""win_rate"": 38.5, ""avg_gross"": -0.789}, ""sideways"": {""trades"": 50, ""win_rate"": 32.0, ""avg_gross"": -0.967}, ""unknown"": {""trades"": 1, ""win_rate"": 0.0, ""avg_gross"": -1.547}}"
SBIN,SBI,Banking,large,78,23,55,66,8,4,29.49,-0.664,-0.714,-51.79,-55.69,0.6612,-1.2181,0.227,-49.5757,-1.4302,50.35,"{""bear"": {""trades"": 9, ""win_rate"": 33.3, ""avg_gross"": -0.485}, ""bull"": {""trades"": 24, ""win_rate"": 29.2, ""avg_gross"": -0.687}, ""sideways"": {""trades"": 44, ""win_rate"": 29.5, ""avg_gross"": -0.693}, ""unknown"": {""trades"": 1, ""win_rate"": 0.0, ""avg_gross"": -0.456}}"
SUNPHARMA,Sun Pharma,Pharma,large,75,19,56,54,16,5,25.33,-0.7837,-0.8337,-58.78,-62.53,0.5631,-1.2407,0.154,-59.0976,-1.2304,48.49,"{""bear"": {""trades"": 7, ""win_rate"": 28.6, ""avg_gross"": -1.218}, ""bull"": {""trades"": 28, ""win_rate"": 21.4, ""avg_gross"": -0.742}, ""sideways"": {""trades"": 40, ""win_rate"": 27.5, ""avg_gross"": -0.737}}"
TCS,TCS,IT,large,71,15,56,49,20,2,21.13,-0.8117,-0.8617,-57.63,-61.18,0.2939,-1.1078,0.071,-57.2404,-1.0678,47.5,"{""bear"": {""trades"": 10, ""win_rate"": 40.0, ""avg_gross"": -0.871}, ""bull"": {""trades"": 22, ""win_rate"": 27.3, ""avg_gross"": -0.536}, ""sideways"": {""trades"": 39, ""win_rate"": 12.8, ""avg_gross"": -0.952}}"
TATACONSUM,Tata Consumer,FMCG,large,88,20,68,54,28,6,22.73,-0.7318,-0.7818,-64.4,-68.8,0.8147,-1.1867,0.202,-62.5732,-0.9882,47.51,"{""bear"": {""trades"": 7, ""win_rate"": 57.1, ""avg_gross"": 0.023}, ""bull"": {""trades"": 32, ""win_rate"": 15.6, ""avg_gross"": -0.717}, ""sideways"": {""trades"": 49, ""win_rate"": 22.4, ""avg_gross"": -0.849}}"
TATASTEEL,Tata Steel,Metals & Mining,large,92,28,64,74,10,8,30.43,-0.7672,-0.8172,-70.58,-75.18,0.5462,-1.3418,0.178,-69.2183,-1.4258,48.84,"{""bear"": {""trades"": 13, ""win_rate"": 38.5, ""avg_gross"": -0.419}, ""bull"": {""trades"": 26, ""win_rate"": 23.1, ""avg_gross"": -0.808}, ""sideways"": {""trades"": 52, ""win_rate"": 32.7, ""avg_gross"": -0.812}, ""unknown"": {""trades"": 1, ""win_rate"": 0.0, ""avg_gross"": -1.921}}"
TECHM,Tech Mahindra,IT,large,91,19,72,55,25,11,20.88,-0.8022,-0.8522,-73.0,-77.55,0.8384,-1.2351,0.179,-73.8507,-1.1116,46.78,"{""bear"": {""trades"": 18, ""win_rate"": 22.2, ""avg_gross"": -1.049}, ""bull"": {""trades"": 31, ""win_rate"": 19.4, ""avg_gross"": -0.578}, ""sideways"": {""trades"": 42, ""win_rate"": 21.4, ""avg_gross"": -0.862}}"
TITAN,Titan,Consumer,large,87,33,54,57,22,8,37.93,-0.5904,-0.6404,-51.37,-55.72,0.6464,-1.3463,0.293,-47.4979,-1.0222,49.62,"{""bear"": {""trades"": 8, ""win_rate"": 62.5, ""avg_gross"": 0.473}, ""bull"": {""trades"": 33, ""win_rate"": 42.4, ""avg_gross"": -0.661}, ""sideways"": {""trades"": 45, ""win_rate"": 31.1, ""avg_gross"": -0.732}, ""unknown"": {""trades"": 1, ""win_rate"": 0.0, ""avg_gross"": -0.4}}"
ULTRACEMCO,UltraTech Cement,Cement,large,75,24,51,53,20,2,32.0,-0.6666,-0.7166,-49.99,-53.74,0.5509,-1.2395,0.209,-48.9376,-1.1,49.95,"{""bear"": {""trades"": 10, ""win_rate"": 40.0, ""avg_gross"": -0.858}, ""bull"": {""trades"": 27, ""win_rate"": 29.6, ""avg_gross"": -0.655}, ""sideways"": {""trades"": 38, ""win_rate"": 31.6, ""avg_gross"": -0.625}}"
WIPRO,Wipro,IT,large,75,15,60,44,25,6,20.0,-0.7336,-0.7836,-55.02,-58.77,0.9422,-1.1526,0.204,-55.7335,-1.0941,43.84,"{""bear"": {""trades"": 13, ""win_rate"": 30.8, ""avg_gross"": 0.001}, ""bull"": {""trades"": 24, ""win_rate"": 20.8, ""avg_gross"": -0.821}, ""sideways"": {""trades"": 38, ""win_rate"": 15.8, ""avg_gross"": -0.93}}"
TRENT,Trent,Consumer,large,89,24,65,59,22,8,26.97,-1.0015,-1.0515,-89.13,-93.58,0.689,-1.6256,0.156,-89.233,-1.4189,46.57,"{""bear"": {""trades"": 14, ""win_rate"": 35.7, ""avg_gross"": -0.668}, ""bull"": {""trades"": 35, ""win_rate"": 20.0, ""avg_gross"": -1.204}, ""sideways"": {""trades"": 40, ""win_rate"": 30.0, ""avg_gross"": -0.941}}"
BEL,BEL,Defence,large,68,21,47,50,12,6,30.88,-0.9113,-0.9613,-61.97,-65.37,0.5358,-1.5579,0.154,-64.2548,-1.4922,46.27,"{""bear"": {""trades"": 15, ""win_rate"": 53.3, ""avg_gross"": -0.144}, ""bull"": {""trades"": 21, ""win_rate"": 28.6, ""avg_gross"": -0.898}, ""sideways"": {""trades"": 32, ""win_rate"": 21.9, ""avg_gross"": -1.28}}"
TATAPOWER,Tata Power,Power,large,73,19,54,52,15,6,26.03,-0.7797,-0.8297,-56.92,-60.57,0.6892,-1.2966,0.187,-55.8007,-1.1578,45.69,"{""bear"": {""trades"": 7, ""win_rate"": 28.6, ""avg_gross"": -0.45}, ""bull"": {""trades"": 28, ""win_rate"": 17.9, ""avg_gross"": -0.829}, ""sideways"": {""trades"": 38, ""win_rate"": 31.6, ""avg_gross"": -0.804}}"
ADANIENT,Adani Enterprises,Conglomerate,large,95,39,56,70,17,8,41.05,-0.7667,-0.8167,-72.83,-77.58,0.9989,-1.9963,0.348,-73.308,-1.5098,44.74,"{""bear"": {""trades"": 15, ""win_rate"": 40.0, ""avg_gross"": 0.172}, ""bull"": {""trades"": 31, ""win_rate"": 29.0, ""avg_gross"": -1.665}, ""sideways"": {""trades"": 48, ""win_rate"": 50.0, ""avg_gross"": -0.48}, ""unknown"": {""trades"": 1, ""win_rate"": 0.0, ""avg_gross"": -0.753}}"
APOLLOHOSP,Apollo Hospitals,Healthcare,large,75,24,51,44,19,12,32.0,-0.9877,-1.0377,-74.07,-77.82,0.5719,-1.7216,0.156,-72.4173,-1.2234,49.18,"{""bear"": {""trades"": 9, ""win_rate"": 22.2, ""avg_gross"": -1.038}, ""bull"": {""trades"": 24, ""win_rate"": 37.5, ""avg_gross"": -0.241}, ""sideways"": {""trades"": 42, ""win_rate"": 31.0, ""avg_gross"": -1.404}}"
BAJAJHLDNG,Bajaj Holdings,NBFC,large,85,20,65,46,30,9,23.53,-1.2603,-1.3103,-107.13,-111.38,0.7488,-1.8785,0.123,-106.4487,-1.4417,53.05,"{""bear"": {""trades"": 8, ""win_rate"": 37.5, ""avg_gross"": -0.918}, ""bull"": {""trades"": 34, ""win_rate"": 29.4, ""avg_gross"": -1.563}, ""sideways"": {""trades"": 43, ""win_rate"": 16.3, ""avg_gross"": -1.084}}"
BOSCHLTD,Bosch,Auto,large,61,14,47,48,7,6,22.95,-0.5094,-0.5594,-31.07,-34.12,0.7156,-0.8743,0.244,-30.95,-1.0381,46.2,"{""bear"": {""trades"": 8, ""win_rate"": 25.0, ""avg_gross"": -0.019}, ""bull"": {""trades"": 20, ""win_rate"": 25.0, ""avg_gross"": -0.396}, ""sideways"": {""trades"": 33, ""win_rate"": 21.2, ""avg_gross"": -0.697}}"
CHOLAFIN,Chola Finance,NBFC,large,118,32,86,71,36,11,27.12,-1.0358,-1.0858,-122.23,-128.13,0.9747,-1.7839,0.203,-121.6024,-1.4739,48.42,"{""bear"": {""trades"": 14, ""win_rate"": 14.3, ""avg_gross"": -1.974}, ""bull"": {""trades"": 47, ""win_rate"": 25.5, ""avg_gross"": -0.98}, ""sideways"": {""trades"": 57, ""win_rate"": 31.6, ""avg_gross"": -0.852}}"
COLPAL,Colgate,FMCG,large,51,10,41,32,18,1,19.61,-0.7085,-0.7585,-36.13,-38.68,0.3769,-0.9732,0.094,-35.576,-0.9084,48.43,"{""bear"": {""trades"": 6, ""win_rate"": 33.3, ""avg_gross"": -0.46}, ""bull"": {""trades"": 20, ""win_rate"": 15.0, ""avg_gross"": -0.576}, ""sideways"": {""trades"": 25, ""win_rate"": 20.0, ""avg_gross"": -0.874}}"
DMART,DMart,Retail,large,53,15,38,44,8,1,28.3,-0.9226,-0.9726,-48.9,-51.55,0.9041,-1.6437,0.217,-52.568,-1.6107,51.93,"{""bear"": {""trades"": 5, ""win_rate"": 60.0, ""avg_gross"": -0.116}, ""bull"": {""trades"": 17, ""win_rate"": 29.4, ""avg_gross"": -0.689}, ""sideways"": {""trades"": 31, ""win_rate"": 22.6, ""avg_gross"": -1.181}}"
GODREJCP,Godrej Consumer,FMCG,large,58,14,44,34,18,6,24.14,-0.8703,-0.9203,-50.48,-53.38,0.7319,-1.3801,0.169,-47.9495,-1.1088,49.3,"{""bear"": {""trades"": 8, ""win_rate"": 50.0, ""avg_gross"": 0.348}, ""bull"": {""trades"": 24, ""win_rate"": 16.7, ""avg_gross"": -1.143}, ""sideways"": {""trades"": 26, ""win_rate"": 23.1, ""avg_gross"": -0.993}}"
HAVELLS,Havells,Consumer Electricals,large,90,28,62,59,27,4,31.11,-0.9101,-0.9601,-81.91,-86.41,0.6136,-1.5983,0.173,-80.8081,-1.1711,48.97,"{""bear"": {""trades"": 13, ""win_rate"": 23.1, ""avg_gross"": -1.174}, ""bull"": {""trades"": 34, ""win_rate"": 29.4, ""avg_gross"": -0.978}, ""sideways"": {""trades"": 43, ""win_rate"": 34.9, ""avg_gross"": -0.777}}"
ICICIGI,ICICI Lombard,Insurance,large,54,13,41,33,17,4,24.07,-0.8465,-0.8965,-45.71,-48.41,0.5613,-1.2928,0.138,-44.1412,-1.1951,48.27,"{""bear"": {""trades"": 7, ""win_rate"": 14.3, ""avg_gross"": -2.13}, ""bull"": {""trades"": 16, ""win_rate"": 25.0, ""avg_gross"": -0.49}, ""sideways"": {""trades"": 31, ""win_rate"": 25.8, ""avg_gross"": -0.74}}"
ICICIPRULI,ICICI Pru Life,Insurance,large,52,18,34,44,6,2,34.62,-0.5596,-0.6096,-29.1,-31.7,0.6116,-1.1797,0.274,-29.1996,-1.2585,44.07,"{""bear"": {""trades"": 8, ""win_rate"": 37.5, ""avg_gross"": -0.585}, ""bull"": {""trades"": 14, ""win_rate"": 42.9, ""avg_gross"": -0.578}, ""sideways"": {""trades"": 30, ""win_rate"": 30.0, ""avg_gross"": -0.544}}"
INDIGO,IndiGo,Aviation,large,63,12,51,44,16,3,19.05,-1.5439,-1.5939,-97.27,-100.42,0.6186,-2.0528,0.071,-98.3414,-1.8079,44.39,"{""bear"": {""trades"": 11, ""win_rate"": 9.1, ""avg_gross"": -4.06}, ""bull"": {""trades"": 19, ""win_rate"": 21.1, ""avg_gross"": -0.925}, ""sideways"": {""trades"": 33, ""win_rate"": 21.2, ""avg_gross"": -1.062}}"
IRCTC,IRCTC,PSU Services,large,40,7,33,34,5,1,17.5,-1.2906,-1.3406,-51.62,-53.62,0.7695,-1.7276,0.094,-51.5646,-1.7896,44.06,"{""bear"": {""trades"": 8, ""win_rate"": 12.5, ""avg_gross"": -1.843}, ""bull"": {""trades"": 9, ""win_rate"": 22.2, ""avg_gross"": -1.307}, ""sideways"": {""trades"": 23, ""win_rate"": 17.4, ""avg_gross"": -1.092}}"
JSWENERGY,JSW Energy,Power,large,105,33,72,72,23,10,31.43,-1.109,-1.159,-116.45,-121.7,0.7507,-1.9614,0.175,-117.8917,-1.4639,46.57,"{""bear"": {""trades"": 7, ""win_rate"": 28.6, ""avg_gross"": -1.089}, ""bull"": {""trades"": 37, ""win_rate"": 37.8, ""avg_gross"": -1.051}, ""sideways"": {""trades"": 61, ""win_rate"": 27.9, ""avg_gross"": -1.147}}"
MARICO,Marico,FMCG,large,69,15,54,43,21,5,21.74,-0.7388,-0.7888,-50.97,-54.42,0.4372,-1.0654,0.114,-49.3383,-0.9835,49.43,"{""bear"": {""trades"": 12, ""win_rate"": 25.0, ""avg_gross"": -1.023}, ""bull"": {""trades"": 22, ""win_rate"": 22.7, ""avg_gross"": -0.591}, ""sideways"": {""trades"": 35, ""win_rate"": 20.0, ""avg_gross"": -0.735}}"
MUTHOOTFIN,Muthoot Finance,NBFC,large,86,26,60,47,32,7,30.23,-1.2762,-1.3262,-109.75,-114.05,0.9689,-2.249,0.187,-112.6385,-1.3937,49.47,"{""bear"": {""trades"": 13, ""win_rate"": 53.8, ""avg_gross"": 0.115}, ""bull"": {""trades"": 32, ""win_rate"": 21.9, ""avg_gross"": -1.118}, ""sideways"": {""trades"": 40, ""win_rate"": 27.5, ""avg_gross"": -1.892}, ""unknown"": {""trades"": 1, ""win_rate"": 100.0, ""avg_gross"": 0.225}}"
NAUKRI,Info Edge (Naukri),Technology,large,93,28,65,55,30,8,30.11,-0.8151,-0.8651,-75.81,-80.46,0.6976,-1.4668,0.205,-75.9383,-1.2099,49.19,"{""bear"": {""trades"": 11, ""win_rate"": 45.5, ""avg_gross"": -0.448}, ""bull"": {""trades"": 38, ""win_rate"": 36.8, ""avg_gross"": -0.61}, ""sideways"": {""trades"": 44, ""win_rate"": 20.5, ""avg_gross"": -1.084}}"
NHPC,NHPC,Power,large,80,22,58,52,16,12,27.5,-0.5469,-0.5969,-43.75,-47.75,0.7457,-1.0371,0.273,-44.1936,-1.1412,46.23,"{""bear"": {""trades"": 6, ""win_rate"": 66.7, ""avg_gross"": -0.563}, ""bull"": {""trades"": 35, ""win_rate"": 28.6, ""avg_gross"": -0.284}, ""sideways"": {""trades"": 39, ""win_rate"": 20.5, ""avg_gross"": -0.78}}"
OFSS,Oracle Financial,IT,large,72,25,47,47,15,10,34.72,-0.5132,-0.5632,-36.95,-40.55,0.5111,-1.0581,0.257,-37.8248,-0.9383,46.09,"{""bear"": {""trades"": 9, ""win_rate"": 33.3, ""avg_gross"": -0.362}, ""bull"": {""trades"": 29, ""win_rate"": 37.9, ""avg_gross"": -0.668}, ""sideways"": {""trades"": 34, ""win_rate"": 32.4, ""avg_gross"": -0.421}}"
PIDILITIND,Pidilite,Chemicals,large,80,17,63,49,24,7,21.25,-0.7712,-0.8212,-61.7,-65.7,0.6408,-1.1522,0.15,-59.5809,-1.0161,46.35,"{""bear"": {""trades"": 6, ""win_rate"": 50.0, ""avg_gross"": 0.351}, ""bull"": {""trades"": 26, ""win_rate"": 19.2, ""avg_gross"": -1.147}, ""sideways"": {""trades"": 48, ""win_rate"": 18.8, ""avg_gross"": -0.708}}"
PIIND,PI Industries,Agrochemicals,large,81,23,58,51,22,8,28.4,-0.8588,-0.9088,-69.56,-73.61,0.6942,-1.4746,0.187,-73.449,-1.3632,52.6,"{""bear"": {""trades"": 9, ""win_rate"": 44.4, ""avg_gross"": -0.191}, ""bull"": {""trades"": 32, ""win_rate"": 25.0, ""avg_gross"": -0.946}, ""sideways"": {""trades"": 40, ""win_rate"": 27.5, ""avg_gross"": -0.939}}"
RECLTD,REC,PSU Finance,large,83,31,52,63,12,8,37.35,-0.4484,-0.4984,-37.21,-41.36,0.8049,-1.1955,0.401,-38.9736,-1.2577,46.54,"{""bear"": {""trades"": 9, ""win_rate"": 22.2, ""avg_gross"": -0.951}, ""bull"": {""trades"": 36, ""win_rate"": 38.9, ""avg_gross"": -0.391}, ""sideways"": {""trades"": 38, ""win_rate"": 39.5, ""avg_gross"": -0.384}}"
SIEMENS,Siemens,Industrials,large,73,24,49,56,11,6,32.88,-0.6505,-0.7005,-47.48,-51.13,0.5818,-1.254,0.227,-46.5651,-1.2743,46.28,"{""bear"": {""trades"": 8, ""win_rate"": 50.0, ""avg_gross"": 0.223}, ""bull"": {""trades"": 25, ""win_rate"": 12.0, ""avg_gross"": -0.567}, ""sideways"": {""trades"": 40, ""win_rate"": 42.5, ""avg_gross"": -0.877}}"
SRF,SRF,Chemicals,large,84,21,63,58,18,8,25.0,-0.6933,-0.7433,-58.23,-62.43,1.2428,-1.3386,0.309,-61.2587,-1.2489,48.23,"{""bear"": {""trades"": 10, ""win_rate"": 60.0, ""avg_gross"": 1.393}, ""bull"": {""trades"": 37, ""win_rate"": 21.6, ""avg_gross"": -0.741}, ""sideways"": {""trades"": 37, ""win_rate"": 18.9, ""avg_gross"": -1.21}}"
TORNTPHARM,Torrent Pharma,Pharma,large,89,31,58,58,23,8,34.83,-0.668,-0.718,-59.45,-63.9,0.3997,-1.2387,0.172,-57.5064,-0.9787,49.95,"{""bear"": {""trades"": 11, ""win_rate"": 36.4, ""avg_gross"": -0.715}, ""bull"": {""trades"": 36, ""win_rate"": 38.9, ""avg_gross"": -0.632}, ""sideways"": {""trades"": 42, ""win_rate"": 31.0, ""avg_gross"": -0.687}}"
TVSMOTOR,TVS Motor,Auto,large,90,26,64,61,22,7,28.89,-0.9098,-0.9598,-81.88,-86.38,0.7069,-1.5666,0.183,-83.7199,-1.4343,46.31,"{""bear"": {""trades"": 9, ""win_rate"": 33.3, ""avg_gross"": -0.712}, ""bull"": {""trades"": 32, ""win_rate"": 25.0, ""avg_gross"": -1.181}, ""sideways"": {""trades"": 48, ""win_rate"": 31.2, ""avg_gross"": -0.728}, ""unknown"": {""trades"": 1, ""win_rate"": 0.0, ""avg_gross"": -2.732}}"
VBL,Varun Beverages,FMCG,large,58,16,42,44,12,2,27.59,-1.0155,-1.0655,-58.9,-61.8,0.8327,-1.7196,0.184,-58.7034,-1.5946,48.03,"{""bear"": {""trades"": 4, ""win_rate"": 0.0, ""avg_gross"": -4.875}, ""bull"": {""trades"": 18, ""win_rate"": 44.4, ""avg_gross"": -0.102}, ""sideways"": {""trades"": 36, ""win_rate"": 22.2, ""avg_gross"": -1.044}}"
VEDL,Vedanta,Metals & Mining,large,111,31,80,82,20,9,27.93,-0.9601,-1.0101,-106.57,-112.12,0.6266,-1.575,0.154,-104.2358,-1.4785,45.65,"{""bear"": {""trades"": 16, ""win_rate"": 25.0, ""avg_gross"": -1.411}, ""bull"": {""trades"": 40, ""win_rate"": 25.0, ""avg_gross"": -0.687}, ""sideways"": {""trades"": 54, ""win_rate"": 31.5, ""avg_gross"": -1.017}, ""unknown"": {""trades"": 1, ""win_rate"": 0.0, ""avg_gross"": -1.601}}"
ZYDUSLIFE,Zydus Lifesciences,Pharma,large,83,22,61,53,20,10,26.51,-0.7893,-0.8393,-65.52,-69.67,0.7353,-1.3392,0.198,-68.4745,-1.1602,48.86,"{""bear"": {""trades"": 8, ""win_rate"": 37.5, ""avg_gross"": -0.211}, ""bull"": {""trades"": 31, ""win_rate"": 29.0, ""avg_gross"": -0.902}, ""sideways"": {""trades"": 44, ""win_rate"": 22.7, ""avg_gross"": -0.815}}"
DIXON,Dixon Technologies,Electronics,large,43,11,32,32,10,1,25.58,-0.976,-1.026,-41.97,-44.12,0.5934,-1.5155,0.135,-43.4956,-1.4975,46.56,"{""bear"": {""trades"": 7, ""win_rate"": 0.0, ""avg_gross"": -1.245}, ""bull"": {""trades"": 16, ""win_rate"": 31.2, ""avg_gross"": -0.752}, ""sideways"": {""trades"": 20, ""win_rate"": 30.0, ""avg_gross"": -1.061}}"
MFSL,Max Financial,Insurance,large,99,29,70,59,30,10,29.29,-0.9861,-1.0361,-97.62,-102.57,0.5638,-1.6282,0.143,-95.157,-1.2837,47.8,"{""bear"": {""trades"": 13, ""win_rate"": 38.5, ""avg_gross"": -0.151}, ""bull"": {""trades"": 39, ""win_rate"": 25.6, ""avg_gross"": -1.097}, ""sideways"": {""trades"": 47, ""win_rate"": 29.8, ""avg_gross"": -1.125}}"
CGPOWER,CG Power,Industrials,large,103,28,75,69,26,8,27.18,-1.4034,-1.4534,-144.55,-149.7,0.7951,-2.2242,0.133,-143.4987,-1.7703,45.52,"{""bear"": {""trades"": 11, ""win_rate"": 36.4, ""avg_gross"": -0.509}, ""bull"": {""trades"": 41, ""win_rate"": 24.4, ""avg_gross"": -1.101}, ""sideways"": {""trades"": 51, ""win_rate"": 27.5, ""avg_gross"": -1.839}}"
SOLARINDS,Solar Industries,Defence,large,78,22,56,47,22,9,28.21,-0.8426,-0.8926,-65.72,-69.62,0.908,-1.5303,0.233,-64.5042,-1.2569,48.9,"{""bear"": {""trades"": 8, ""win_rate"": 25.0, ""avg_gross"": -0.609}, ""bull"": {""trades"": 32, ""win_rate"": 18.8, ""avg_gross"": -1.012}, ""sideways"": {""trades"": 38, ""win_rate"": 36.8, ""avg_gross"": -0.749}}"
OBEROIRLTY,Oberoi Realty,Real Estate,large,104,23,81,63,30,11,22.12,-1.1334,-1.1834,-117.88,-123.08,0.5542,-1.6126,0.098,-115.4586,-1.2465,46.42,"{""bear"": {""trades"": 8, ""win_rate"": 25.0, ""avg_gross"": -0.593}, ""bull"": {""trades"": 44, ""win_rate"": 20.5, ""avg_gross"": -1.492}, ""sideways"": {""trades"": 52, ""win_rate"": 23.1, ""avg_gross"": -0.913}}"
CUMMINSIND,Cummins India,Industrials,large,72,21,51,49,13,10,29.17,-0.7705,-0.8205,-55.48,-59.08,0.6998,-1.376,0.209,-57.2075,-1.1791,42.55,"{""bear"": {""trades"": 10, ""win_rate"": 60.0, ""avg_gross"": -0.046}, ""bull"": {""trades"": 24, ""win_rate"": 29.2, ""avg_gross"": -0.603}, ""sideways"": {""trades"": 38, ""win_rate"": 21.1, ""avg_gross"": -1.067}}"
ABB,ABB India,Industrials,large,88,27,61,55,24,9,30.68,-0.878,-0.928,-77.26,-81.66,0.6835,-1.5692,0.193,-79.7424,-1.2055,46.07,"{""bear"": {""trades"": 13, ""win_rate"": 53.8, ""avg_gross"": 0.09}, ""bull"": {""trades"": 30, ""win_rate"": 23.3, ""avg_gross"": -0.846}, ""sideways"": {""trades"": 45, ""win_rate"": 28.9, ""avg_gross"": -1.179}}"
HAL,HAL,Defence,large,46,13,33,36,8,2,28.26,-1.0932,-1.1432,-50.29,-52.59,0.3875,-1.6765,0.091,-51.4223,-1.5423,41.19,"{""bear"": {""trades"": 5, ""win_rate"": 0.0, ""avg_gross"": -2.917}, ""bull"": {""trades"": 16, ""win_rate"": 37.5, ""avg_gross"": -0.696}, ""sideways"": {""trades"": 25, ""win_rate"": 28.0, ""avg_gross"": -0.982}}"
BHEL,BHEL,Industrials,large,79,24,55,56,16,7,30.38,-0.991,-1.041,-78.29,-82.24,0.6105,-1.6898,0.158,-77.5892,-1.558,44.93,"{""bear"": {""trades"": 16, ""win_rate"": 31.2, ""avg_gross"": -0.493}, ""bull"": {""trades"": 29, ""win_rate"": 20.7, ""avg_gross"": -1.116}, ""sideways"": {""trades"": 34, ""win_rate"": 38.2, ""avg_gross"": -1.119}}"
MANKIND,Mankind Pharma,Pharma,large,13,3,10,11,2,0,23.08,-1.5725,-1.6225,-20.44,-21.09,0.3176,-2.1396,0.045,-18.7207,-2.0323,49.26,"{""bear"": {""trades"": 3, ""win_rate"": 66.7, ""avg_gross"": 0.272}, ""bull"": {""trades"": 2, ""win_rate"": 0.0, ""avg_gross"": -4.024}, ""sideways"": {""trades"": 8, ""win_rate"": 12.5, ""avg_gross"": -1.651}}"
LICI,LIC India,Insurance,large,19,0,19,15,4,0,0.0,-1.2143,-1.2643,-23.07,-24.02,0.0,-1.2143,0.0,-20.5901,-1.4511,45.58,"{""bear"": {""trades"": 3, ""win_rate"": 0.0, ""avg_gross"": -0.836}, ""bull"": {""trades"": 3, ""win_rate"": 0.0, ""avg_gross"": -1.157}, ""sideways"": {""trades"": 13, ""win_rate"": 0.0, ""avg_gross"": -1.315}}"
LODHA,Lodha (Macrotech),Real Estate,large,35,9,26,24,10,1,25.71,-1.84,-1.89,-64.4,-66.15,0.8777,-2.7808,0.109,-60.0893,-1.8569,44.81,"{""bear"": {""trades"": 4, ""win_rate"": 25.0, ""avg_gross"": -1.177}, ""bull"": {""trades"": 11, ""win_rate"": 18.2, ""avg_gross"": -1.907}, ""sideways"": {""trades"": 20, ""win_rate"": 30.0, ""avg_gross"": -1.936}}"
ADANIGREEN,Adani Green,Power,large,52,14,38,39,10,3,26.92,-1.8795,-1.9295,-97.73,-100.33,0.7376,-2.8437,0.096,-98.278,-2.2835,43.18,"{""bear"": {""trades"": 6, ""win_rate"": 16.7, ""avg_gross"": -2.388}, ""bull"": {""trades"": 18, ""win_rate"": 38.9, ""avg_gross"": -0.704}, ""sideways"": {""trades"": 28, ""win_rate"": 21.4, ""avg_gross"": -2.526}}"
ALKEM,Alkem Labs,Pharma,mid,48,10,38,25,19,4,20.83,-1.0545,-1.1045,-50.62,-53.02,0.3359,-1.4204,0.062,-50.6111,-1.0775,48.95,"{""bear"": {""trades"": 4, ""win_rate"": 25.0, ""avg_gross"": -0.915}, ""bull"": {""trades"": 12, ""win_rate"": 33.3, ""avg_gross"": -1.03}, ""sideways"": {""trades"": 31, ""win_rate"": 16.1, ""avg_gross"": -1.105}, ""unknown"": {""trades"": 1, ""win_rate"": 0.0, ""avg_gross"": -0.334}}"
APOLLOTYRE,Apollo Tyres,Auto,mid,97,39,58,76,12,9,40.21,-0.596,-0.646,-57.81,-62.66,0.7552,-1.5045,0.338,-59.4974,-1.4073,44.61,"{""bear"": {""trades"": 12, ""win_rate"": 50.0, ""avg_gross"": 0.426}, ""bull"": {""trades"": 31, ""win_rate"": 35.5, ""avg_gross"": -0.714}, ""sideways"": {""trades"": 54, ""win_rate"": 40.7, ""avg_gross"": -0.755}}"
ASHOKLEY,Ashok Leyland,Auto,mid,67,18,49,50,12,5,26.87,-1.0741,-1.1241,-71.97,-75.32,0.8013,-1.763,0.167,-71.6941,-1.8101,49.18,"{""bear"": {""trades"": 7, ""win_rate"": 28.6, ""avg_gross"": -0.866}, ""bull"": {""trades"": 29, ""win_rate"": 27.6, ""avg_gross"": -0.677}, ""sideways"": {""trades"": 31, ""win_rate"": 25.8, ""avg_gross"": -1.493}}"
ASTRAL,Astral,Chemicals,mid,90,25,65,57,26,7,27.78,-1.1039,-1.1539,-99.35,-103.85,0.8367,-1.8502,0.174,-100.3658,-1.4078,50.63,"{""bear"": {""trades"": 16, ""win_rate"": 31.2, ""avg_gross"": -0.686}, ""bull"": {""trades"": 28, ""win_rate"": 32.1, ""avg_gross"": -0.954}, ""sideways"": {""trades"": 46, ""win_rate"": 23.9, ""avg_gross"": -1.34}}"
AUROPHARMA,Aurobindo Pharma,Pharma,mid,76,26,50,49,21,6,34.21,-0.8011,-0.8511,-60.88,-64.68,0.6802,-1.5713,0.225,-62.0441,-1.1408,47.98,"{""bear"": {""trades"": 8, ""win_rate"": 37.5, ""avg_gross"": -0.704}, ""bull"": {""trades"": 25, ""win_rate"": 28.0, ""avg_gross"": -1.002}, ""sideways"": {""trades"": 43, ""win_rate"": 37.2, ""avg_gross"": -0.702}}"
BALKRISIND,Balkrishna Industries,Auto,mid,111,30,81,75,27,9,27.03,-1.1876,-1.2376,-131.82,-137.37,0.4315,-1.7873,0.089,-131.6571,-1.5417,48.43,"{""bear"": {""trades"": 14, ""win_rate"": 42.9, ""avg_gross"": -0.589}, ""bull"": {""trades"": 40, ""win_rate"": 25.0, ""avg_gross"": -0.917}, ""sideways"": {""trades"": 57, ""win_rate"": 24.6, ""avg_gross"": -1.524}}"
BANDHANBNK,Bandhan Bank,Banking,mid,48,15,33,40,4,4,31.25,-0.9782,-1.0282,-46.95,-49.35,0.7799,-1.7773,0.199,-46.4748,-1.8025,50.07,"{""bear"": {""trades"": 5, ""win_rate"": 40.0, ""avg_gross"": 0.472}, ""bull"": {""trades"": 15, ""win_rate"": 40.0, ""avg_gross"": -1.298}, ""sideways"": {""trades"": 28, ""win_rate"": 25.0, ""avg_gross"": -1.066}}"
BANKBARODA,Bank of Baroda,Banking,mid,104,26,78,76,18,10,25.0,-0.7756,-0.8256,-80.66,-85.86,0.8862,-1.3295,0.222,-82.3884,-1.3889,47.11,"{""bear"": {""trades"": 11, ""win_rate"": 9.1, ""avg_gross"": -1.436}, ""bull"": {""trades"": 35, ""win_rate"": 28.6, ""avg_gross"": -0.501}, ""sideways"": {""trades"": 58, ""win_rate"": 25.9, ""avg_gross"": -0.816}}"
BHARATFORG,Bharat Forge,Auto,mid,94,34,60,73,17,4,36.17,-0.7521,-0.8021,-70.7,-75.4,0.4714,-1.4454,0.185,-71.5994,-1.2535,47.35,"{""bear"": {""trades"": 12, ""win_rate"": 33.3, ""avg_gross"": -0.673}, ""bull"": {""trades"": 33, ""win_rate"": 39.4, ""avg_gross"": -0.649}, ""sideways"": {""trades"": 49, ""win_rate"": 34.7, ""avg_gross"": -0.841}}"
BERGEPAINT,Berger Paints,Consumer,mid,91,28,63,65,21,5,30.77,-0.6495,-0.6995,-59.11,-63.66,0.7194,-1.2579,0.254,-59.7592,-1.131,50.0,"{""bear"": {""trades"": 10, ""win_rate"": 40.0, ""avg_gross"": -0.754}, ""bull"": {""trades"": 32, ""win_rate"": 31.2, ""avg_gross"": -0.385}, ""sideways"": {""trades"": 49, ""win_rate"": 28.6, ""avg_gross"": -0.801}}"
CANBK,Canara Bank,Banking,mid,88,22,66,65,18,5,25.0,-1.0505,-1.1005,-92.44,-96.84,0.6688,-1.6236,0.137,-91.8905,-1.5557,43.84,"{""bear"": {""trades"": 10, ""win_rate"": 30.0, ""avg_gross"": -0.7}, ""bull"": {""trades"": 30, ""win_rate"": 23.3, ""avg_gross"": -0.888}, ""sideways"": {""trades"": 48, ""win_rate"": 25.0, ""avg_gross"": -1.225}}"
CDSL,CDSL,Financial Services,mid,52,13,39,43,7,2,25.0,-1.1903,-1.2403,-61.9,-64.5,0.6191,-1.7935,0.115,-61.9419,-1.6737,44.52,"{""bear"": {""trades"": 6, ""win_rate"": 16.7, ""avg_gross"": -1.432}, ""bull"": {""trades"": 17, ""win_rate"": 29.4, ""avg_gross"": -0.988}, ""sideways"": {""trades"": 28, ""win_rate"": 25.0, ""avg_gross"": -1.259}, ""unknown"": {""trades"": 1, ""win_rate"": 0.0, ""avg_gross"": -1.258}}"
COFORGE,Coforge,IT,mid,96,28,68,66,24,6,29.17,-1.0946,-1.1446,-105.08,-109.88,0.731,-1.8463,0.163,-104.9662,-1.4423,46.83,"{""bear"": {""trades"": 13, ""win_rate"": 46.2, ""avg_gross"": -0.828}, ""bull"": {""trades"": 36, ""win_rate"": 25.0, ""avg_gross"": -0.617}, ""sideways"": {""trades"": 47, ""win_rate"": 27.7, ""avg_gross"": -1.534}}"
CONCOR,Container Corp,Logistics,mid,97,28,69,64,23,10,28.87,-0.8221,-0.8721,-79.74,-84.59,0.6473,-1.4183,0.185,-77.3487,-1.1574,49.62,"{""bear"": {""trades"": 12, ""win_rate"": 16.7, ""avg_gross"": -0.843}, ""bull"": {""trades"": 41, ""win_rate"": 43.9, ""avg_gross"": -0.882}, ""sideways"": {""trades"": 44, ""win_rate"": 18.2, ""avg_gross"": -0.761}}"
CROMPTON,Crompton Greaves Consumer,Consumer Electricals,mid,52,25,27,37,11,4,48.08,-0.3442,-0.3942,-17.9,-20.5,0.8974,-1.4938,0.556,-23.1934,-1.1767,50.02,"{""bear"": {""trades"": 7, ""win_rate"": 42.9, ""avg_gross"": 0.077}, ""bull"": {""trades"": 15, ""win_rate"": 53.3, ""avg_gross"": -0.033}, ""sideways"": {""trades"": 30, ""win_rate"": 46.7, ""avg_gross"": -0.598}}"
DALBHARAT,Dalmia Bharat,Cement,mid,52,21,31,38,8,6,40.38,-0.7079,-0.7579,-36.81,-39.41,0.7916,-1.7237,0.311,-36.3873,-1.4707,42.12,"{""bear"": {""trades"": 5, ""win_rate"": 40.0, ""avg_gross"": 0.522}, ""bull"": {""trades"": 17, ""win_rate"": 35.3, ""avg_gross"": -0.542}, ""sideways"": {""trades"": 30, ""win_rate"": 43.3, ""avg_gross"": -1.007}}"
DEEPAKNTR,Deepak Nitrite,Chemicals,mid,87,18,69,57,21,9,20.69,-1.573,-1.623,-136.85,-141.2,0.7852,-2.1882,0.094,-130.1983,-1.8245,47.33,"{""bear"": {""trades"": 15, ""win_rate"": 20.0, ""avg_gross"": -1.014}, ""bull"": {""trades"": 25, ""win_rate"": 24.0, ""avg_gross"": -1.496}, ""sideways"": {""trades"": 47, ""win_rate"": 19.1, ""avg_gross"": -1.792}}"
EMAMILTD,Emami,FMCG,mid,77,23,54,47,19,11,29.87,-0.9812,-1.0312,-75.55,-79.4,0.9936,-1.8224,0.232,-75.3978,-1.5107,44.4,"{""bear"": {""trades"": 15, ""win_rate"": 46.7, ""avg_gross"": -1.386}, ""bull"": {""trades"": 21, ""win_rate"": 42.9, ""avg_gross"": -0.459}, ""sideways"": {""trades"": 41, ""win_rate"": 17.1, ""avg_gross"": -1.101}}"
ESCORTS,Escorts Kubota,Auto,mid,70,20,50,48,13,9,28.57,-0.8514,-0.9014,-59.6,-63.1,0.8141,-1.5176,0.215,-61.6266,-1.2225,43.76,"{""bear"": {""trades"": 10, ""win_rate"": 50.0, ""avg_gross"": -0.121}, ""bull"": {""trades"": 24, ""win_rate"": 20.8, ""avg_gross"": -1.02}, ""sideways"": {""trades"": 35, ""win_rate"": 28.6, ""avg_gross"": -0.962}, ""unknown"": {""trades"": 1, ""win_rate"": 0.0, ""avg_gross"": -0.238}}"
FEDERALBNK,Federal Bank,Banking,mid,72,16,56,57,11,4,22.22,-0.9925,-1.0425,-71.46,-75.06,0.8419,-1.5166,0.159,-74.5277,-1.5289,47.67,"{""bear"": {""trades"": 7, ""win_rate"": 28.6, ""avg_gross"": -1.438}, ""bull"": {""trades"": 27, ""win_rate"": 22.2, ""avg_gross"": -0.614}, ""sideways"": {""trades"": 38, ""win_rate"": 21.1, ""avg_gross"": -1.18}}"
GLAND,Gland Pharma,Pharma,mid,34,9,25,21,10,3,26.47,-1.6445,-1.6945,-55.91,-57.61,0.5748,-2.4434,0.085,-55.0266,-1.6762,47.47,"{""bear"": {""trades"": 3, ""win_rate"": 33.3, ""avg_gross"": 0.029}, ""bull"": {""trades"": 14, ""win_rate"": 28.6, ""avg_gross"": -1.038}, ""sideways"": {""trades"": 17, ""win_rate"": 23.5, ""avg_gross"": -2.439}}"
GODREJPROP,Godrej Properties,Real Estate,mid,93,20,73,66,18,9,21.51,-0.9308,-0.9808,-86.56,-91.21,0.7318,-1.3863,0.145,-85.5338,-1.338,46.37,"{""bear"": {""trades"": 11, ""win_rate"": 27.3, ""avg_gross"": -0.249}, ""bull"": {""trades"": 32, ""win_rate"": 18.8, ""avg_gross"": -1.036}, ""sideways"": {""trades"": 50, ""win_rate"": 22.0, ""avg_gross"": -1.014}}"
GRANULES,Granules India,Pharma,mid,95,32,63,63,24,8,33.68,-0.7722,-0.8222,-73.36,-78.11,0.8364,-1.5892,0.267,-73.4095,-1.2443,49.02,"{""bear"": {""trades"": 13, ""win_rate"": 61.5, ""avg_gross"": 0.16}, ""bull"": {""trades"": 33, ""win_rate"": 33.3, ""avg_gross"": -1.022}, ""sideways"": {""trades"": 49, ""win_rate"": 26.5, ""avg_gross"": -0.851}}"
GUJGASLTD,Gujarat Gas,Oil & Gas,mid,58,15,43,38,18,2,25.86,-0.9163,-0.9663,-53.15,-56.05,0.9944,-1.5828,0.219,-54.3488,-1.238,46.18,"{""bear"": {""trades"": 7, ""win_rate"": 28.6, ""avg_gross"": -0.8}, ""bull"": {""trades"": 20, ""win_rate"": 20.0, ""avg_gross"": -1.263}, ""sideways"": {""trades"": 31, ""win_rate"": 29.0, ""avg_gross"": -0.719}}"
HINDPETRO,HPCL,Oil & Gas,mid,70,19,51,50,16,4,27.14,-0.5702,-0.6202,-39.91,-43.41,0.9324,-1.13,0.307,-40.4688,-1.2095,50.64,"{""bear"": {""trades"": 8, ""win_rate"": 25.0, ""avg_gross"": -1.062}, ""bull"": {""trades"": 24, ""win_rate"": 37.5, ""avg_gross"": -0.134}, ""sideways"": {""trades"": 38, ""win_rate"": 21.1, ""avg_gross"": -0.742}}"
IDFCFIRSTB,IDFC First Bank,Banking,mid,56,14,42,42,8,6,25.0,-1.0973,-1.1473,-61.45,-64.25,1.3221,-1.9037,0.231,-65.5807,-2.037,44.19,"{""bear"": {""trades"": 11, ""win_rate"": 54.5, ""avg_gross"": 0.465}, ""bull"": {""trades"": 19, ""win_rate"": 21.1, ""avg_gross"": -0.785}, ""sideways"": {""trades"": 26, ""win_rate"": 15.4, ""avg_gross"": -1.986}}"
IEX,IEX,Power,mid,54,6,48,35,14,5,11.11,-1.1488,-1.1988,-62.04,-64.74,0.3176,-1.3321,0.03,-62.4463,-1.2478,48.41,"{""bear"": {""trades"": 5, ""win_rate"": 0.0, ""avg_gross"": -1.421}, ""bull"": {""trades"": 18, ""win_rate"": 16.7, ""avg_gross"": -0.948}, ""sideways"": {""trades"": 31, ""win_rate"": 9.7, ""avg_gross"": -1.222}}"
INDUSTOWER,Indus Towers,Telecom,mid,83,28,55,49,23,11,33.73,-0.8809,-0.9309,-73.12,-77.27,0.7606,-1.7167,0.226,-71.4778,-1.1467,50.46,"{""bear"": {""trades"": 6, ""win_rate"": 66.7, ""avg_gross"": -0.951}, ""bull"": {""trades"": 37, ""win_rate"": 35.1, ""avg_gross"": -0.642}, ""sideways"": {""trades"": 40, ""win_rate"": 27.5, ""avg_gross"": -1.092}}"
IPCALAB,IPCA Labs,Pharma,mid,88,26,62,49,30,9,29.55,-0.9513,-1.0013,-83.72,-88.12,0.7124,-1.649,0.181,-83.3885,-1.2556,48.88,"{""bear"": {""trades"": 9, ""win_rate"": 55.6, ""avg_gross"": -0.078}, ""bull"": {""trades"": 29, ""win_rate"": 34.5, ""avg_gross"": -0.77}, ""sideways"": {""trades"": 50, ""win_rate"": 22.0, ""avg_gross"": -1.213}}"
IRFC,IRFC,PSU Finance,mid,28,5,23,22,5,1,17.86,-1.3725,-1.4225,-38.43,-39.83,0.6391,-1.8098,0.077,-38.2011,-1.8573,44.03,"{""bear"": {""trades"": 3, ""win_rate"": 0.0, ""avg_gross"": -0.372}, ""bull"": {""trades"": 6, ""win_rate"": 16.7, ""avg_gross"": -2.036}, ""sideways"": {""trades"": 19, ""win_rate"": 21.1, ""avg_gross"": -1.321}}"
JKCEMENT,JK Cement,Cement,mid,129,27,102,72,43,14,20.93,-1.3426,-1.3926,-173.19,-179.64,0.4224,-1.8098,0.062,-173.1948,-1.5495,48.29,"{""bear"": {""trades"": 22, ""win_rate"": 40.9, ""avg_gross"": -0.526}, ""bull"": {""trades"": 46, ""win_rate"": 15.2, ""avg_gross"": -1.356}, ""sideways"": {""trades"": 61, ""win_rate"": 18.0, ""avg_gross"": -1.627}}"
KANSAINER,Kansai Nerolac,Consumer,mid,71,19,52,40,18,13,26.76,-0.6828,-0.7328,-48.48,-52.03,0.5413,-1.13,0.175,-49.2585,-1.028,50.52,"{""bear"": {""trades"": 5, ""win_rate"": 0.0, ""avg_gross"": -0.954}, ""bull"": {""trades"": 30, ""win_rate"": 26.7, ""avg_gross"": -0.734}, ""sideways"": {""trades"": 36, ""win_rate"": 30.6, ""avg_gross"": -0.602}}"
KPITTECH,KPIT Technologies,IT,mid,55,11,44,35,14,6,20.0,-1.8545,-1.9045,-102.0,-104.75,0.9192,-2.5479,0.09,-96.6231,-2.2049,45.98,"{""bear"": {""trades"": 7, ""win_rate"": 28.6, ""avg_gross"": -2.091}, ""bull"": {""trades"": 23, ""win_rate"": 17.4, ""avg_gross"": -1.787}, ""sideways"": {""trades"": 25, ""win_rate"": 20.0, ""avg_gross"": -1.85}}"
LTTS,L&T Tech Services,IT,mid,44,9,35,26,13,5,20.45,-1.0318,-1.0818,-45.4,-47.6,0.757,-1.4917,0.13,-46.3718,-1.3752,53.0,"{""bear"": {""trades"": 1, ""win_rate"": 0.0, ""avg_gross"": -1.754}, ""bull"": {""trades"": 18, ""win_rate"": 27.8, ""avg_gross"": -0.597}, ""sideways"": {""trades"": 25, ""win_rate"": 16.0, ""avg_gross"": -1.316}}"
LUPIN,Lupin,Pharma,mid,69,19,50,51,13,5,27.54,-0.7613,-0.8113,-52.53,-55.98,0.5445,-1.2575,0.165,-53.5583,-1.2349,46.78,"{""bear"": {""trades"": 8, ""win_rate"": 12.5, ""avg_gross"": -1.152}, ""bull"": {""trades"": 27, ""win_rate"": 22.2, ""avg_gross"": -0.524}, ""sideways"": {""trades"": 34, ""win_rate"": 35.3, ""avg_gross"": -0.858}}"
MANAPPURAM,Manappuram Finance,NBFC,mid,80,26,54,63,13,4,32.5,-0.4248,-0.4748,-33.98,-37.98,1.3623,-1.2852,0.51,-39.8595,-1.3697,46.16,"{""bear"": {""trades"": 11, ""win_rate"": 36.4, ""avg_gross"": 0.18}, ""bull"": {""trades"": 24, ""win_rate"": 37.5, ""avg_gross"": -0.231}, ""sideways"": {""trades"": 45, ""win_rate"": 28.9, ""avg_gross"": -0.676}}"
MAXHEALTH,Max Healthcare,Healthcare,mid,41,12,29,23,17,1,29.27,-1.2231,-1.2731,-50.15,-52.2,0.7071,-2.0218,0.145,-46.6021,-1.2923,47.65,"{""bear"": {""trades"": 4, ""win_rate"": 25.0, ""avg_gross"": -0.159}, ""bull"": {""trades"": 17, ""win_rate"": 23.5, ""avg_gross"": -1.52}, ""sideways"": {""trades"": 20, ""win_rate"": 35.0, ""avg_gross"": -1.184}}"
MCX,MCX,Financial Services,mid,86,19,67,60,16,10,22.09,-1.8466,-1.8966,-158.81,-163.11,0.6511,-2.5549,0.072,-158.0862,-1.9923,46.45,"{""bear"": {""trades"": 7, ""win_rate"": 57.1, ""avg_gross"": -0.235}, ""bull"": {""trades"": 31, ""win_rate"": 22.6, ""avg_gross"": -2.257}, ""sideways"": {""trades"": 47, ""win_rate"": 17.0, ""avg_gross"": -1.855}, ""unknown"": {""trades"": 1, ""win_rate"": 0.0, ""avg_gross"": -0.011}}"
MPHASIS,Mphasis,IT,mid,89,28,61,53,24,12,31.46,-0.9611,-1.0111,-85.54,-89.99,0.5299,-1.6454,0.148,-84.8212,-1.2598,48.11,"{""bear"": {""trades"": 13, ""win_rate"": 46.2, ""avg_gross"": -0.512}, ""bull"": {""trades"": 33, ""win_rate"": 30.3, ""avg_gross"": -1.082}, ""sideways"": {""trades"": 43, ""win_rate"": 27.9, ""avg_gross"": -1.004}}"
MRF,MRF,Auto,mid,57,13,44,38,16,3,22.81,-0.7258,-0.7758,-41.37,-44.22,0.857,-1.1935,0.212,-38.8756,-1.105,49.17,"{""bear"": {""trades"": 6, ""win_rate"": 50.0, ""avg_gross"": 0.447}, ""bull"": {""trades"": 20, ""win_rate"": 15.0, ""avg_gross"": -0.968}, ""sideways"": {""trades"": 31, ""win_rate"": 22.6, ""avg_gross"": -0.797}}"
NATIONALUM,NALCO,Metals & Mining,mid,86,23,63,54,23,9,26.74,-0.9916,-1.0416,-85.27,-89.57,0.8778,-1.674,0.191,-86.6404,-1.3816,46.1,"{""bear"": {""trades"": 12, ""win_rate"": 33.3, ""avg_gross"": -0.313}, ""bull"": {""trades"": 37, ""win_rate"": 27.0, ""avg_gross"": -0.994}, ""sideways"": {""trades"": 37, ""win_rate"": 24.3, ""avg_gross"": -1.209}}"
NMDC,NMDC,Metals & Mining,mid,82,26,56,55,20,7,31.71,-0.8599,-0.9099,-70.51,-74.61,0.8188,-1.6393,0.232,-72.4367,-1.244,46.1,"{""bear"": {""trades"": 10, ""win_rate"": 40.0, ""avg_gross"": -0.686}, ""bull"": {""trades"": 34, ""win_rate"": 35.3, ""avg_gross"": -0.661}, ""sideways"": {""trades"": 38, ""win_rate"": 26.3, ""avg_gross"": -1.083}}"
PAGEIND,Page Industries,Consumer,mid,59,22,37,42,13,4,37.29,-0.7,-0.75,-41.3,-44.25,0.5896,-1.4669,0.239,-44.3174,-1.2156,48.42,"{""bear"": {""trades"": 10, ""win_rate"": 50.0, ""avg_gross"": -0.583}, ""bull"": {""trades"": 23, ""win_rate"": 21.7, ""avg_gross"": -1.016}, ""sideways"": {""trades"": 26, ""win_rate"": 46.2, ""avg_gross"": -0.466}}"
PERSISTENT,Persistent Systems,IT,mid,81,24,57,50,21,10,29.63,-1.1539,-1.2039,-93.47,-97.52,0.8525,-1.9987,0.18,-91.3305,-1.6736,46.48,"{""bear"": {""trades"": 13, ""win_rate"": 23.1, ""avg_gross"": -0.739}, ""bull"": {""trades"": 31, ""win_rate"": 32.3, ""avg_gross"": -0.776}, ""sideways"": {""trades"": 37, ""win_rate"": 29.7, ""avg_gross"": -1.616}}"
PETRONET,Petronet LNG,Oil & Gas,mid,87,22,65,61,20,6,25.29,-0.6672,-0.7172,-58.04,-62.39,0.5454,-1.0776,0.171,-57.9279,-1.0033,47.86,"{""bear"": {""trades"": 12, ""win_rate"": 41.7, ""avg_gross"": -0.532}, ""bull"": {""trades"": 27, ""win_rate"": 22.2, ""avg_gross"": -0.563}, ""sideways"": {""trades"": 48, ""win_rate"": 22.9, ""avg_gross"": -0.76}}"
PNB,PNB,Banking,mid,74,21,53,56,17,1,28.38,-0.9411,-0.9911,-69.64,-73.34,0.5378,-1.527,0.14,-67.7351,-1.4715,44.12,"{""bear"": {""trades"": 11, ""win_rate"": 27.3, ""avg_gross"": -0.714}, ""bull"": {""trades"": 22, ""win_rate"": 27.3, ""avg_gross"": -1.109}, ""sideways"": {""trades"": 41, ""win_rate"": 29.3, ""avg_gross"": -0.912}}"
POLYCAB,Polycab,Consumer Electricals,mid,29,7,22,20,8,1,24.14,-1.0464,-1.0964,-30.35,-31.8,0.5863,-1.5659,0.119,-29.2884,-1.3693,51.36,"{""bear"": {""trades"": 2, ""win_rate"": 100.0, ""avg_gross"": 0.697}, ""bull"": {""trades"": 14, ""win_rate"": 21.4, ""avg_gross"": -0.918}, ""sideways"": {""trades"": 13, ""win_rate"": 15.4, ""avg_gross"": -1.453}}"
SAIL,SAIL,Metals & Mining,mid,96,33,63,70,16,10,34.38,-0.6514,-0.7014,-62.53,-67.33,0.6655,-1.3412,0.26,-62.7522,-1.2329,47.19,"{""bear"": {""trades"": 12, ""win_rate"": 58.3, ""avg_gross"": 0.257}, ""bull"": {""trades"": 37, ""win_rate"": 35.1, ""avg_gross"": -0.624}, ""sideways"": {""trades"": 47, ""win_rate"": 27.7, ""avg_gross"": -0.905}}"
SONACOMS,Sona BLW Precision,Auto,mid,30,9,21,25,5,0,30.0,-1.155,-1.205,-34.65,-36.15,1.2066,-2.1671,0.239,-36.9433,-1.8953,46.27,"{""bear"": {""trades"": 4, ""win_rate"": 25.0, ""avg_gross"": 0.504}, ""bull"": {""trades"": 8, ""win_rate"": 62.5, ""avg_gross"": 0.443}, ""sideways"": {""trades"": 18, ""win_rate"": 16.7, ""avg_gross"": -2.234}}"
SUNDARMFIN,Sundaram Finance,NBFC,mid,106,30,76,65,33,8,28.3,-0.708,-0.758,-75.05,-80.35,0.7442,-1.2813,0.229,-75.4393,-1.1309,49.21,"{""bear"": {""trades"": 13, ""win_rate"": 30.8, ""avg_gross"": -0.26}, ""bull"": {""trades"": 43, ""win_rate"": 25.6, ""avg_gross"": -0.778}, ""sideways"": {""trades"": 50, ""win_rate"": 30.0, ""avg_gross"": -0.764}}"
SUPREMEIND,Supreme Industries,Chemicals,mid,93,30,63,57,26,10,32.26,-0.7878,-0.8378,-73.26,-77.91,0.7261,-1.5087,0.229,-75.1455,-1.2384,47.72,"{""bear"": {""trades"": 14, ""win_rate"": 28.6, ""avg_gross"": -0.668}, ""bull"": {""trades"": 33, ""win_rate"": 42.4, ""avg_gross"": -0.668}, ""sideways"": {""trades"": 46, ""win_rate"": 26.1, ""avg_gross"": -0.91}}"
SYNGENE,Syngene,Pharma,mid,62,19,43,41,14,7,30.65,-0.5763,-0.6263,-35.73,-38.83,0.7893,-1.1796,0.296,-37.5111,-1.0931,48.89,"{""bear"": {""trades"": 7, ""win_rate"": 42.9, ""avg_gross"": -1.348}, ""bull"": {""trades"": 16, ""win_rate"": 25.0, ""avg_gross"": -0.565}, ""sideways"": {""trades"": 39, ""win_rate"": 30.8, ""avg_gross"": -0.442}}"
TATACHEM,Tata Chemicals,Chemicals,mid,73,17,56,45,15,13,23.29,-0.6497,-0.6997,-47.43,-51.08,0.8789,-1.1138,0.24,-49.2593,-1.1301,46.96,"{""bear"": {""trades"": 10, ""win_rate"": 20.0, ""avg_gross"": -0.489}, ""bull"": {""trades"": 25, ""win_rate"": 20.0, ""avg_gross"": -0.75}, ""sideways"": {""trades"": 37, ""win_rate"": 27.0, ""avg_gross"": -0.623}, ""unknown"": {""trades"": 1, ""win_rate"": 0.0, ""avg_gross"": -0.737}}"
TATAELXSI,Tata Elxsi,IT,mid,80,30,50,58,17,5,37.5,-0.788,-0.838,-63.04,-67.04,0.8422,-1.7661,0.286,-64.2032,-1.3863,46.56,"{""bear"": {""trades"": 12, ""win_rate"": 33.3, ""avg_gross"": -0.169}, ""bull"": {""trades"": 28, ""win_rate"": 28.6, ""avg_gross"": -0.916}, ""sideways"": {""trades"": 40, ""win_rate"": 45.0, ""avg_gross"": -0.884}}"
THERMAX,Thermax,Industrials,mid,82,26,56,42,26,14,31.71,-0.9523,-1.0023,-78.09,-82.19,0.6081,-1.6767,0.168,-78.1395,-1.2471,50.09,"{""bear"": {""trades"": 10, ""win_rate"": 50.0, ""avg_gross"": 0.113}, ""bull"": {""trades"": 27, ""win_rate"": 11.1, ""avg_gross"": -1.186}, ""sideways"": {""trades"": 45, ""win_rate"": 40.0, ""avg_gross"": -1.048}}"
TIINDIA,Tube Investments,Industrials,mid,52,9,43,30,18,4,17.31,-1.4516,-1.5016,-75.48,-78.08,0.8002,-1.9229,0.087,-73.1214,-1.4597,47.85,"{""bear"": {""trades"": 9, ""win_rate"": 22.2, ""avg_gross"": -3.311}, ""bull"": {""trades"": 15, ""win_rate"": 20.0, ""avg_gross"": -0.636}, ""sideways"": {""trades"": 28, ""win_rate"": 14.3, ""avg_gross"": -1.291}}"
TORNTPOWER,Torrent Power,Power,mid,95,25,70,65,25,5,26.32,-0.6941,-0.7441,-65.94,-70.69,0.4694,-1.1096,0.151,-64.5321,-1.0345,47.81,"{""bear"": {""trades"": 11, ""win_rate"": 18.2, ""avg_gross"": -0.688}, ""bull"": {""trades"": 42, ""win_rate"": 26.2, ""avg_gross"": -0.83}, ""sideways"": {""trades"": 42, ""win_rate"": 28.6, ""avg_gross"": -0.559}}"
UBL,United Breweries,FMCG,mid,87,31,56,59,21,7,35.63,-0.548,-0.598,-47.67,-52.02,0.7615,-1.2729,0.331,-47.3117,-1.0899,43.28,"{""bear"": {""trades"": 7, ""win_rate"": 28.6, ""avg_gross"": -0.524}, ""bull"": {""trades"": 32, ""win_rate"": 37.5, ""avg_gross"": -0.914}, ""sideways"": {""trades"": 48, ""win_rate"": 35.4, ""avg_gross"": -0.307}}"
UNIONBANK,Union Bank,Banking,mid,97,24,73,73,17,7,24.74,-0.9349,-0.9849,-90.69,-95.54,0.6915,-1.4696,0.155,-92.8511,-1.4949,45.29,"{""bear"": {""trades"": 13, ""win_rate"": 7.7, ""avg_gross"": -1.096}, ""bull"": {""trades"": 35, ""win_rate"": 22.9, ""avg_gross"": -0.968}, ""sideways"": {""trades"": 49, ""win_rate"": 30.6, ""avg_gross"": -0.868}}"
VOLTAS,Voltas,Consumer Electricals,mid,92,28,64,69,19,4,30.43,-0.7608,-0.8108,-69.99,-74.59,0.6354,-1.3716,0.203,-70.02,-1.1874,46.43,"{""bear"": {""trades"": 9, ""win_rate"": 11.1, ""avg_gross"": -0.928}, ""bull"": {""trades"": 40, ""win_rate"": 25.0, ""avg_gross"": -0.68}, ""sideways"": {""trades"": 43, ""win_rate"": 39.5, ""avg_gross"": -0.801}}"
YESBANK,Yes Bank,Banking,mid,84,23,61,65,13,6,27.38,-1.5119,-1.5619,-127.0,-131.2,0.7479,-2.364,0.119,-127.9337,-2.0695,46.57,"{""bear"": {""trades"": 6, ""win_rate"": 33.3, ""avg_gross"": 0.12}, ""bull"": {""trades"": 32, ""win_rate"": 25.0, ""avg_gross"": -1.371}, ""sideways"": {""trades"": 45, ""win_rate"": 26.7, ""avg_gross"": -1.885}, ""unknown"": {""trades"": 1, ""win_rate"": 100.0, ""avg_gross"": 0.98}}"
KALYANKJIL,Kalyan Jewellers,Consumer,mid,26,8,18,23,2,1,30.77,-1.0179,-1.0679,-26.47,-27.77,0.6195,-1.7457,0.158,-24.9913,-1.7154,46.66,"{""bear"": {""trades"": 3, ""win_rate"": 33.3, ""avg_gross"": -0.633}, ""bull"": {""trades"": 7, ""win_rate"": 14.3, ""avg_gross"": -1.54}, ""sideways"": {""trades"": 16, ""win_rate"": 37.5, ""avg_gross"": -0.862}}"
MOTILALOFS,Motilal Oswal,Financial Services,mid,106,38,68,66,30,10,35.85,-0.7964,-0.8464,-84.42,-89.72,1.1685,-1.8944,0.345,-86.384,-1.4834,47.87,"{""bear"": {""trades"": 14, ""win_rate"": 42.9, ""avg_gross"": -0.171}, ""bull"": {""trades"": 37, ""win_rate"": 37.8, ""avg_gross"": -0.742}, ""sideways"": {""trades"": 55, ""win_rate"": 32.7, ""avg_gross"": -0.992}}"
CESC,CESC,Power,mid,70,22,48,49,14,7,31.43,-0.8169,-0.8669,-57.19,-60.69,0.8376,-1.5753,0.244,-58.5728,-1.3821,46.73,"{""bear"": {""trades"": 10, ""win_rate"": 30.0, ""avg_gross"": -0.255}, ""bull"": {""trades"": 26, ""win_rate"": 34.6, ""avg_gross"": -0.598}, ""sideways"": {""trades"": 34, ""win_rate"": 29.4, ""avg_gross"": -1.15}}"
LTF,L&T Finance,NBFC,mid,92,25,67,68,18,6,27.17,-0.7803,-0.8303,-71.79,-76.39,1.2675,-1.5445,0.306,-71.4821,-1.4527,45.45,"{""bear"": {""trades"": 11, ""win_rate"": 45.5, ""avg_gross"": 0.374}, ""bull"": {""trades"": 28, ""win_rate"": 28.6, ""avg_gross"": -0.687}, ""sideways"": {""trades"": 53, ""win_rate"": 22.6, ""avg_gross"": -1.069}}"
AMBUJACEM,Ambuja Cements,Cement,mid,84,23,61,58,21,5,27.38,-0.7234,-0.7734,-60.77,-64.97,0.7198,-1.2676,0.214,-60.7685,-1.0422,46.41,"{""bear"": {""trades"": 10, ""win_rate"": 20.0, ""avg_gross"": -0.903}, ""bull"": {""trades"": 32, ""win_rate"": 25.0, ""avg_gross"": -0.545}, ""sideways"": {""trades"": 42, ""win_rate"": 31.0, ""avg_gross"": -0.816}}"
BIOCON,Biocon,Pharma,mid,64,14,50,42,15,7,21.88,-0.8869,-0.9369,-56.76,-59.96,0.5183,-1.2803,0.113,-54.989,-1.3138,50.5,"{""bear"": {""trades"": 8, ""win_rate"": 62.5, ""avg_gross"": -0.094}, ""bull"": {""trades"": 28, ""win_rate"": 10.7, ""avg_gross"": -0.942}, ""sideways"": {""trades"": 28, ""win_rate"": 21.4, ""avg_gross"": -1.058}}"
MOTHERSON,Samvardhana Motherson,Auto,mid,98,23,75,55,29,14,23.47,-0.9809,-1.0309,-96.13,-101.03,0.7617,-1.5153,0.154,-95.114,-1.2735,47.45,"{""bear"": {""trades"": 15, ""win_rate"": 20.0, ""avg_gross"": -1.067}, ""bull"": {""trades"": 38, ""win_rate"": 23.7, ""avg_gross"": -0.713}, ""sideways"": {""trades"": 45, ""win_rate"": 24.4, ""avg_gross"": -1.178}}"
FORTIS,Fortis Healthcare,Healthcare,mid,101,31,70,63,29,9,30.69,-0.8303,-0.8803,-83.86,-88.91,0.6906,-1.5038,0.203,-87.311,-1.0719,46.34,"{""bear"": {""trades"": 12, ""win_rate"": 50.0, ""avg_gross"": -0.274}, ""bull"": {""trades"": 42, ""win_rate"": 23.8, ""avg_gross"": -0.806}, ""sideways"": {""trades"": 47, ""win_rate"": 31.9, ""avg_gross"": -0.994}}"
PHOENIXLTD,Phoenix Mills,Real Estate,mid,108,37,71,62,33,13,34.26,-1.0375,-1.0875,-112.05,-117.45,0.7204,-1.9536,0.192,-107.9712,-1.4287,49.92,"{""bear"": {""trades"": 11, ""win_rate"": 36.4, ""avg_gross"": -0.386}, ""bull"": {""trades"": 44, ""win_rate"": 29.5, ""avg_gross"": -1.346}, ""sideways"": {""trades"": 53, ""win_rate"": 37.7, ""avg_gross"": -0.917}}"
HINDZINC,Hindustan Zinc,Metals & Mining,mid,87,26,61,57,22,8,29.89,-0.9984,-1.0484,-86.86,-91.21,0.6964,-1.7207,0.172,-88.8165,-1.3775,48.29,"{""bear"": {""trades"": 16, ""win_rate"": 43.8, ""avg_gross"": -0.248}, ""bull"": {""trades"": 35, ""win_rate"": 28.6, ""avg_gross"": -0.953}, ""sideways"": {""trades"": 36, ""win_rate"": 25.0, ""avg_gross"": -1.376}}"
BLUESTARCO,Blue Star,Consumer Electricals,mid,100,23,77,57,35,8,23.0,-1.0728,-1.1228,-107.28,-112.28,0.666,-1.5922,0.125,-102.3518,-1.2901,48.57,"{""bear"": {""trades"": 17, ""win_rate"": 17.6, ""avg_gross"": -0.657}, ""bull"": {""trades"": 36, ""win_rate"": 25.0, ""avg_gross"": -0.961}, ""sideways"": {""trades"": 47, ""win_rate"": 23.4, ""avg_gross"": -1.309}}"
RBLBANK,RBL Bank,Banking,mid,63,18,45,48,10,5,28.57,-1.2007,-1.2507,-75.65,-78.8,0.9344,-2.0548,0.182,-73.7287,-1.7038,47.61,"{""bear"": {""trades"": 3, ""win_rate"": 33.3, ""avg_gross"": 0.36}, ""bull"": {""trades"": 25, ""win_rate"": 28.0, ""avg_gross"": -0.994}, ""sideways"": {""trades"": 35, ""win_rate"": 28.6, ""avg_gross"": -1.482}}"
UJJIVANSFB,Ujjivan SFB,Banking,mid,41,13,28,31,4,6,31.71,-0.8536,-0.9036,-35.0,-37.05,1.0892,-1.7556,0.288,-37.8551,-1.8006,42.11,"{""bear"": {""trades"": 7, ""win_rate"": 28.6, ""avg_gross"": -1.036}, ""bull"": {""trades"": 11, ""win_rate"": 18.2, ""avg_gross"": -1.036}, ""sideways"": {""trades"": 23, ""win_rate"": 39.1, ""avg_gross"": -0.711}}"
MAHABANK,Bank of Maharashtra,Banking,mid,91,17,74,68,18,5,18.68,-0.9065,-0.9565,-82.49,-87.04,0.946,-1.332,0.163,-80.7935,-1.3394,46.88,"{""bear"": {""trades"": 8, ""win_rate"": 25.0, ""avg_gross"": -0.101}, ""bull"": {""trades"": 33, ""win_rate"": 15.2, ""avg_gross"": -1.187}, ""sideways"": {""trades"": 50, ""win_rate"": 20.0, ""avg_gross"": -0.85}}"
NIACL,New India Assurance,Insurance,mid,53,15,38,33,15,5,28.3,-0.8757,-0.9257,-46.41,-49.06,1.1769,-1.6859,0.276,-46.1451,-1.2193,44.09,"{""bear"": {""trades"": 4, ""win_rate"": 75.0, ""avg_gross"": 2.021}, ""bull"": {""trades"": 18, ""win_rate"": 22.2, ""avg_gross"": -1.054}, ""sideways"": {""trades"": 31, ""win_rate"": 25.8, ""avg_gross"": -1.146}}"
SUNTV,Sun TV Network,Media,mid,99,36,63,72,20,7,36.36,-0.818,-0.868,-80.98,-85.93,0.6055,-1.6313,0.212,-80.9831,-1.2696,46.46,"{""bear"": {""trades"": 13, ""win_rate"": 30.8, ""avg_gross"": -1.073}, ""bull"": {""trades"": 39, ""win_rate"": 28.2, ""avg_gross"": -0.589}, ""sideways"": {""trades"": 47, ""win_rate"": 44.7, ""avg_gross"": -0.937}}"
JYOTHYLAB,Jyothy Labs,FMCG,mid,96,31,65,51,35,10,32.29,-0.7976,-0.8476,-76.57,-81.37,0.8028,-1.5609,0.245,-79.2738,-1.1241,51.37,"{""bear"": {""trades"": 7, ""win_rate"": 57.1, ""avg_gross"": 0.026}, ""bull"": {""trades"": 33, ""win_rate"": 39.4, ""avg_gross"": -0.361}, ""sideways"": {""trades"": 56, ""win_rate"": 25.0, ""avg_gross"": -1.158}}"
KFINTECH,KFin Technologies,Financial Services,mid,27,6,21,21,3,3,22.22,-1.8257,-1.8757,-49.29,-50.64,0.2623,-2.4222,0.031,-48.9746,-2.0476,45.13,"{""bear"": {""trades"": 3, ""win_rate"": 33.3, ""avg_gross"": 0.007}, ""bull"": {""trades"": 7, ""win_rate"": 14.3, ""avg_gross"": -0.839}, ""sideways"": {""trades"": 17, ""win_rate"": 23.5, ""avg_gross"": -2.555}}"
SCHAEFFLER,Schaeffler India,Industrials,mid,94,30,64,51,33,10,31.91,-0.9414,-0.9914,-88.5,-93.2,0.6896,-1.706,0.189,-87.641,-1.2401,49.58,"{""bear"": {""trades"": 6, ""win_rate"": 33.3, ""avg_gross"": -0.38}, ""bull"": {""trades"": 38, ""win_rate"": 28.9, ""avg_gross"": -1.016}, ""sideways"": {""trades"": 50, ""win_rate"": 34.0, ""avg_gross"": -0.952}}"
APLAPOLLO,APL Apollo Tubes,Steel,mid,107,27,80,52,38,17,25.23,-1.4785,-1.5285,-158.2,-163.55,1.0213,-2.3221,0.148,-163.9281,-1.7459,49.76,"{""bear"": {""trades"": 9, ""win_rate"": 77.8, ""avg_gross"": 0.776}, ""bull"": {""trades"": 48, ""win_rate"": 22.9, ""avg_gross"": -1.548}, ""sideways"": {""trades"": 50, ""win_rate"": 18.0, ""avg_gross"": -1.817}}"
ENGINERSIN,Engineers India,Infrastructure,mid,77,16,61,51,20,6,20.78,-0.9585,-1.0085,-73.8,-77.65,1.1298,-1.5062,0.197,-73.8013,-1.3434,44.53,"{""bear"": {""trades"": 12, ""win_rate"": 41.7, ""avg_gross"": 0.561}, ""bull"": {""trades"": 30, ""win_rate"": 6.7, ""avg_gross"": -1.421}, ""sideways"": {""trades"": 35, ""win_rate"": 25.7, ""avg_gross"": -1.083}}"
POONAWALLA,Poonawalla Fincorp,NBFC,mid,116,38,78,71,31,14,32.76,-1.0581,-1.1081,-122.74,-128.54,1.0254,-2.0732,0.241,-121.841,-1.5254,46.59,"{""bear"": {""trades"": 12, ""win_rate"": 41.7, ""avg_gross"": -0.305}, ""bull"": {""trades"": 42, ""win_rate"": 31.0, ""avg_gross"": -0.756}, ""sideways"": {""trades"": 62, ""win_rate"": 32.3, ""avg_gross"": -1.408}}"
CANFINHOME,Can Fin Homes,Housing Finance,mid,102,32,70,71,26,5,31.37,-0.8892,-0.9392,-90.7,-95.8,0.6813,-1.6071,0.194,-87.0234,-1.4155,48.92,"{""bear"": {""trades"": 10, ""win_rate"": 20.0, ""avg_gross"": -1.012}, ""bull"": {""trades"": 41, ""win_rate"": 34.1, ""avg_gross"": -1.078}, ""sideways"": {""trades"": 51, ""win_rate"": 31.4, ""avg_gross"": -0.713}}"
BSE,BSE,Financial Services,mid,35,9,26,26,8,1,25.71,-1.6523,-1.7023,-57.83,-59.58,0.6119,-2.4361,0.087,-57.6159,-1.8123,46.91,"{""bear"": {""trades"": 6, ""win_rate"": 16.7, ""avg_gross"": -0.54}, ""bull"": {""trades"": 12, ""win_rate"": 16.7, ""avg_gross"": -2.174}, ""sideways"": {""trades"": 17, ""win_rate"": 35.3, ""avg_gross"": -1.677}}"
KAYNES,Kaynes Technology,Electronics,mid,25,9,16,15,7,3,36.0,-1.389,-1.439,-34.73,-35.98,1.0124,-2.7398,0.208,-33.0895,-1.8676,45.42,"{""bear"": {""trades"": 2, ""win_rate"": 50.0, ""avg_gross"": 0.706}, ""bull"": {""trades"": 8, ""win_rate"": 25.0, ""avg_gross"": -0.613}, ""sideways"": {""trades"": 15, ""win_rate"": 40.0, ""avg_gross"": -2.082}}"
JSWINFRA,JSW Infrastructure,Infrastructure,mid,15,4,11,12,3,0,26.67,-2.0231,-2.0731,-30.35,-31.1,0.5837,-2.9711,0.071,-25.4376,-2.5854,45.59,"{""bear"": {""trades"": 3, ""win_rate"": 33.3, ""avg_gross"": -0.755}, ""bull"": {""trades"": 3, ""win_rate"": 0.0, ""avg_gross"": -3.084}, ""sideways"": {""trades"": 9, ""win_rate"": 33.3, ""avg_gross"": -2.092}}"
TATATECH,Tata Technologies,IT,mid,13,3,10,10,1,2,23.08,-0.9562,-1.0062,-12.43,-13.08,0.7324,-1.4628,0.15,-9.8981,-1.3895,40.41,"{""bear"": {""trades"": 1, ""win_rate"": 0.0, ""avg_gross"": -0.074}, ""bull"": {""trades"": 4, ""win_rate"": 0.0, ""avg_gross"": -1.573}, ""sideways"": {""trades"": 8, ""win_rate"": 37.5, ""avg_gross"": -0.758}}"
STARHEALTH,Star Health Insurance,Insurance,mid,28,9,19,20,7,1,32.14,-0.7915,-0.8415,-22.16,-23.56,1.0626,-1.6697,0.301,-26.5407,-1.2512,44.67,"{""bear"": {""trades"": 4, ""win_rate"": 25.0, ""avg_gross"": -1.772}, ""bull"": {""trades"": 2, ""win_rate"": 0.0, ""avg_gross"": -1.055}, ""sideways"": {""trades"": 22, ""win_rate"": 36.4, ""avg_gross"": -0.589}}"
PRESTIGE,Prestige Estates,Real Estate,mid,94,25,69,60,23,11,26.6,-0.9987,-1.0487,-93.88,-98.58,0.7873,-1.6458,0.173,-93.8261,-1.4822,43.63,"{""bear"": {""trades"": 14, ""win_rate"": 14.3, ""avg_gross"": -2.28}, ""bull"": {""trades"": 34, ""win_rate"": 26.5, ""avg_gross"": -0.667}, ""sideways"": {""trades"": 46, ""win_rate"": 30.4, ""avg_gross"": -0.854}}"
DELHIVERY,Delhivery,Logistics,mid,22,6,16,14,6,2,27.27,-1.2304,-1.2804,-27.07,-28.17,0.7948,-1.9898,0.15,-27.1854,-1.5249,46.9,"{""bear"": {""trades"": 4, ""win_rate"": 50.0, ""avg_gross"": -0.322}, ""bull"": {""trades"": 2, ""win_rate"": 0.0, ""avg_gross"": -0.206}, ""sideways"": {""trades"": 16, ""win_rate"": 25.0, ""avg_gross"": -1.586}}"
SJVN,SJVN,Power,mid,63,14,49,41,14,8,22.22,-0.8687,-0.9187,-54.73,-57.88,0.8134,-1.3494,0.172,-53.7785,-1.2513,50.09,"{""bear"": {""trades"": 11, ""win_rate"": 36.4, ""avg_gross"": 0.195}, ""bull"": {""trades"": 29, ""win_rate"": 20.7, ""avg_gross"": -1.088}, ""sideways"": {""trades"": 23, ""win_rate"": 17.4, ""avg_gross"": -1.1}}"
CHOLAHLDNG,Cholamandalam Holdings,NBFC,mid,106,23,83,48,41,17,21.7,-1.3479,-1.3979,-142.87,-148.17,0.487,-1.8563,0.073,-141.0906,-1.3174,47.57,"{""bear"": {""trades"": 10, ""win_rate"": 0.0, ""avg_gross"": -0.964}, ""bull"": {""trades"": 40, ""win_rate"": 12.5, ""avg_gross"": -1.375}, ""sideways"": {""trades"": 56, ""win_rate"": 32.1, ""avg_gross"": -1.397}}"
POLICYBZR,PB Fintech (PolicyBazaar),Fintech,mid,35,10,25,26,7,2,28.57,-1.0285,-1.0785,-36.0,-37.75,0.756,-1.7422,0.174,-38.5379,-1.6195,42.63,"{""bear"": {""trades"": 4, ""win_rate"": 50.0, ""avg_gross"": -0.725}, ""bull"": {""trades"": 9, ""win_rate"": 33.3, ""avg_gross"": -1.115}, ""sideways"": {""trades"": 22, ""win_rate"": 22.7, ""avg_gross"": -1.048}}"
PAYTM,Paytm (One97),Fintech,mid,34,4,30,19,10,5,11.76,-2.0137,-2.0637,-68.47,-70.17,1.2324,-2.4465,0.067,-68.0239,-2.1899,43.22,"{""bear"": {""trades"": 3, ""win_rate"": 0.0, ""avg_gross"": -2.115}, ""bull"": {""trades"": 10, ""win_rate"": 0.0, ""avg_gross"": -3.032}, ""sideways"": {""trades"": 21, ""win_rate"": 19.0, ""avg_gross"": -1.514}}"
